"Version","Task","Concept","Att 1 - Preis","Att 2 - Verpflegung","Att 3 - Zimmerkategorie","Att 4 - Kundenbewertung","Att 5 - Meerblick"
1,1,1,2,2,3,3,3
1,1,2,2,3,2,2,3
1,1,3,1,2,1,3,1
1,1,4,3,1,3,1,2
2,1,1,2,2,3,3,3
2,1,2,1,3,2,1,2
2,1,3,3,3,1,1,1
2,1,4,1,1,2,2,2
3,1,1,2,1,1,2,1
3,1,2,1,3,3,3,2
3,1,3,2,2,2,1,3
3,1,4,3,1,1,2,1
4,1,1,1,2,3,2,1
4,1,2,3,2,1,2,2
4,1,3,2,3,1,1,2
4,1,4,3,1,2,3,3
5,1,1,2,2,1,2,2
5,1,2,3,3,3,1,3
5,1,3,3,3,2,3,1
5,1,4,1,1,3,1,3
6,1,1,1,1,2,3,1
6,1,2,2,1,2,3,1
6,1,3,3,3,1,2,3
6,1,4,2,2,3,1,2
7,1,1,2,3,3,2,1
7,1,2,1,1,1,1,3
7,1,3,3,2,2,3,2
7,1,4,1,2,2,1,1
8,1,1,2,2,2,1,1
8,1,2,3,1,3,2,2
8,1,3,1,3,1,3,3
8,1,4,1,3,3,2,3
9,1,1,2,3,3,1,1
9,1,2,2,1,1,3,2
9,1,3,3,1,1,3,2
9,1,4,1,2,2,2,3
10,1,1,1,3,2,2,2
10,1,2,3,2,1,1,3
10,1,3,2,1,3,3,1
10,1,4,3,2,3,2,1
11,1,1,2,2,3,2,1
11,1,2,1,3,1,3,2
11,1,3,3,3,2,3,2
11,1,4,3,1,2,1,3
12,1,1,2,2,2,2,2
12,1,2,1,1,1,1,1
12,1,3,3,3,3,3,1
12,1,4,1,1,1,1,3
13,1,1,3,1,2,3,1
13,1,2,3,2,1,3,3
13,1,3,2,3,1,2,3
13,1,4,1,2,3,1,2
14,1,1,1,1,3,2,3
14,1,2,2,3,2,1,2
14,1,3,2,1,2,2,3
14,1,4,3,2,1,3,1
15,1,1,1,3,3,1,2
15,1,2,3,2,2,2,1
15,1,3,3,1,3,1,2
15,1,4,2,1,1,3,3
16,1,1,3,1,2,1,2
16,1,2,1,3,2,3,3
16,1,3,2,2,3,3,3
16,1,4,1,3,1,2,1
17,1,1,2,3,1,1,1
17,1,2,1,2,3,2,2
17,1,3,1,2,1,1,1
17,1,4,3,1,2,3,3
18,1,1,3,2,1,2,3
18,1,2,2,3,3,3,2
18,1,3,1,1,2,1,1
18,1,4,2,1,3,2,2
19,1,1,3,3,3,2,1
19,1,2,1,2,1,3,2
19,1,3,2,1,2,2,1
19,1,4,3,3,3,1,3
20,1,1,3,1,3,2,1
20,1,2,2,2,2,1,3
20,1,3,1,3,1,3,2
20,1,4,2,2,1,1,2
21,1,1,2,1,1,2,2
21,1,2,3,2,3,1,1
21,1,3,1,3,2,2,3
21,1,4,1,3,2,3,3
22,1,1,2,3,2,3,1
22,1,2,3,3,2,1,2
22,1,3,1,1,3,3,1
22,1,4,2,2,1,2,3
23,1,1,2,3,2,2,1
23,1,2,1,2,3,3,2
23,1,3,1,1,3,1,3
23,1,4,3,1,1,1,3
24,1,1,3,2,2,3,2
24,1,2,1,1,2,2,1
24,1,3,3,2,1,3,2
24,1,4,2,3,3,1,3
25,1,1,2,3,1,1,1
25,1,2,3,3,1,2,3
25,1,3,1,2,3,3,3
25,1,4,3,1,2,2,2
26,1,1,3,3,2,2,3
26,1,2,2,1,1,3,1
26,1,3,1,2,1,1,1
26,1,4,2,1,3,3,2
27,1,1,3,3,3,3,1
27,1,2,1,2,3,2,2
27,1,3,1,2,2,1,2
27,1,4,2,1,1,2,3
28,1,1,2,2,2,1,3
28,1,2,3,1,3,2,2
28,1,3,3,2,2,1,1
28,1,4,1,3,1,3,1
29,1,1,2,1,1,1,2
29,1,2,1,3,3,3,3
29,1,3,3,2,2,2,1
29,1,4,2,1,3,3,3
30,1,1,1,3,1,1,2
30,1,2,2,2,2,3,3
30,1,3,1,3,1,2,2
30,1,4,3,1,3,2,1
31,1,1,1,1,2,1,3
31,1,2,1,1,2,2,2
31,1,3,2,3,3,1,1
31,1,4,3,2,1,3,3
32,1,1,1,1,2,2,3
32,1,2,2,3,2,3,2
32,1,3,2,2,1,3,1
32,1,4,3,3,3,1,2
33,1,1,3,1,1,1,1
33,1,2,2,3,1,2,2
33,1,3,1,1,2,3,3
33,1,4,3,2,3,1,1
34,1,1,3,2,3,2,3
34,1,2,1,2,3,2,1
34,1,3,2,1,2,3,2
34,1,4,3,3,1,1,3
35,1,1,1,2,1,3,1
35,1,2,2,3,3,3,1
35,1,3,3,3,2,2,3
35,1,4,2,1,3,1,2
36,1,1,3,1,3,3,3
36,1,2,1,2,2,1,2
36,1,3,2,3,2,2,1
36,1,4,1,2,1,1,2
37,1,1,3,2,1,2,2
37,1,2,1,1,1,2,1
37,1,3,2,2,3,1,3
37,1,4,3,3,2,3,2
38,1,1,2,1,1,1,3
38,1,2,3,2,2,2,2
38,1,3,2,3,1,3,3
38,1,4,1,1,3,1,1
39,1,1,2,1,1,2,2
39,1,2,3,2,2,1,3
39,1,3,1,3,3,3,1
39,1,4,1,3,3,2,3
40,1,1,2,2,2,3,1
40,1,2,3,1,1,3,1
40,1,3,1,1,3,2,3
40,1,4,3,3,1,1,2
41,1,1,2,3,2,1,1
41,1,2,2,2,3,3,2
41,1,3,1,3,2,1,1
41,1,4,3,1,1,2,3
42,1,1,1,2,3,3,2
42,1,2,3,3,1,2,3
42,1,3,2,1,2,1,1
42,1,4,3,1,3,3,2
43,1,1,1,2,1,2,1
43,1,2,3,1,2,3,2
43,1,3,1,2,2,3,3
43,1,4,2,3,3,1,3
44,1,1,1,2,1,1,1
44,1,2,2,2,1,2,2
44,1,3,2,3,3,2,2
44,1,4,3,1,2,3,3
45,1,1,2,2,2,2,3
45,1,2,1,1,1,3,2
45,1,3,1,1,3,1,1
45,1,4,3,3,3,1,1
46,1,1,3,2,3,1,3
46,1,2,1,3,2,2,2
46,1,3,1,3,1,3,3
46,1,4,2,1,1,3,1
47,1,1,1,1,1,3,3
47,1,2,2,2,2,1,2
47,1,3,3,3,3,2,1
47,1,4,3,3,2,1,2
48,1,1,1,3,2,3,3
48,1,2,3,1,1,1,2
48,1,3,2,2,3,2,1
48,1,4,2,2,3,2,3
49,1,1,1,1,3,2,2
49,1,2,3,2,2,3,1
49,1,3,1,1,2,1,1
49,1,4,2,3,1,1,3
50,1,1,3,2,3,3,2
50,1,2,3,3,1,3,1
50,1,3,2,1,3,2,2
50,1,4,1,2,2,1,3
51,1,1,1,2,2,3,2
51,1,2,3,1,3,1,3
51,1,3,2,3,1,2,1
51,1,4,2,3,2,2,1
52,1,1,2,1,1,1,2
52,1,2,3,1,2,1,1
52,1,3,1,2,1,2,3
52,1,4,2,3,3,3,2
53,1,1,2,1,2,1,2
53,1,2,3,2,1,2,1
53,1,3,3,2,3,3,1
53,1,4,1,3,3,3,3
54,1,1,1,3,1,2,2
54,1,2,3,2,2,1,1
54,1,3,3,3,1,2,3
54,1,4,2,1,3,3,3
55,1,1,3,3,3,3,2
55,1,2,1,3,3,1,1
55,1,3,1,1,2,2,1
55,1,4,2,2,1,1,3
56,1,1,2,2,2,2,3
56,1,2,3,3,3,1,1
56,1,3,1,1,1,3,2
56,1,4,2,1,2,3,3
57,1,1,1,2,3,2,2
57,1,2,3,1,3,1,3
57,1,3,1,2,1,2,2
57,1,4,2,3,2,3,1
58,1,1,3,3,2,2,2
58,1,2,3,2,1,3,3
58,1,3,1,1,3,1,3
58,1,4,2,2,1,3,1
59,1,1,1,1,2,2,1
59,1,2,3,2,3,3,3
59,1,3,1,3,2,1,2
59,1,4,2,3,1,1,2
60,1,1,2,1,3,2,1
60,1,2,1,3,3,3,3
60,1,3,2,1,1,2,1
60,1,4,3,2,2,1,2
61,1,1,1,2,3,1,1
61,1,2,3,1,1,3,1
61,1,3,2,1,2,3,2
61,1,4,3,3,1,2,3
62,1,1,1,3,2,2,2
62,1,2,2,2,1,1,3
62,1,3,3,1,3,3,1
62,1,4,2,2,2,2,3
63,1,1,1,3,1,1,2
63,1,2,2,2,3,3,1
63,1,3,3,1,2,2,3
63,1,4,1,3,1,1,1
64,1,1,3,3,3,2,2
64,1,2,1,3,2,3,3
64,1,3,3,2,1,2,1
64,1,4,2,1,3,1,2
65,1,1,1,1,1,1,3
65,1,2,3,3,3,2,1
65,1,3,2,2,2,3,2
65,1,4,1,2,1,3,2
66,1,1,3,3,1,3,2
66,1,2,1,2,3,2,1
66,1,3,2,3,2,1,3
66,1,4,2,1,2,1,3
67,1,1,2,3,1,2,3
67,1,2,3,2,3,1,2
67,1,3,1,1,2,3,1
67,1,4,2,1,3,2,2
68,1,1,3,2,2,3,3
68,1,2,2,3,3,2,2
68,1,3,1,1,1,1,1
68,1,4,3,1,1,1,3
69,1,1,1,2,2,3,1
69,1,2,1,3,2,3,1
69,1,3,3,1,1,2,2
69,1,4,2,3,3,1,3
70,1,1,3,3,2,1,2
70,1,2,2,1,1,3,1
70,1,3,1,2,3,2,3
70,1,4,2,2,2,1,1
71,1,1,1,1,3,2,3
71,1,2,3,2,1,3,2
71,1,3,1,1,3,3,2
71,1,4,2,3,2,1,1
72,1,1,2,3,3,3,1
72,1,2,3,2,1,2,3
72,1,3,3,2,2,2,3
72,1,4,1,1,2,1,2
73,1,1,3,1,2,2,1
73,1,2,1,3,3,3,3
73,1,3,1,2,1,1,1
73,1,4,2,2,1,1,2
74,1,1,1,2,2,1,1
74,1,2,3,3,1,3,3
74,1,3,2,1,1,3,3
74,1,4,3,3,3,2,2
75,1,1,2,1,2,2,2
75,1,2,2,1,3,2,2
75,1,3,3,3,1,1,1
75,1,4,1,2,2,3,3
76,1,1,3,1,3,1,3
76,1,2,2,2,3,1,3
76,1,3,2,2,2,3,2
76,1,4,1,3,1,2,1
77,1,1,2,2,2,1,3
77,1,2,1,1,1,3,2
77,1,3,1,3,1,2,2
77,1,4,3,1,3,3,1
78,1,1,2,1,1,3,3
78,1,2,3,2,3,2,1
78,1,3,1,2,3,1,2
78,1,4,3,3,2,2,1
79,1,1,3,3,2,3,2
79,1,2,1,1,3,2,3
79,1,3,2,3,3,3,1
79,1,4,2,2,1,1,1
80,1,1,2,2,3,3,1
80,1,2,1,3,2,2,3
80,1,3,1,3,1,2,3
80,1,4,3,1,2,1,2
81,1,1,1,2,3,3,3
81,1,2,3,1,1,1,2
81,1,3,2,3,2,2,1
81,1,4,3,1,1,1,1
82,1,1,2,2,1,2,2
82,1,2,2,3,1,3,2
82,1,3,3,3,3,1,3
82,1,4,1,1,2,3,1
83,1,1,2,3,1,3,1
83,1,2,3,2,2,2,2
83,1,3,3,1,2,2,3
83,1,4,1,2,3,1,2
84,1,1,1,1,3,1,1
84,1,2,2,3,2,2,1
84,1,3,1,1,3,1,3
84,1,4,3,2,1,3,2
85,1,1,2,1,3,2,2
85,1,2,3,3,2,1,3
85,1,3,1,2,1,2,3
85,1,4,1,2,1,3,1
86,1,1,2,3,3,3,3
86,1,2,2,1,2,1,3
86,1,3,3,3,3,3,2
86,1,4,1,2,1,2,1
87,1,1,3,2,2,1,2
87,1,2,3,1,2,3,2
87,1,3,1,3,1,1,3
87,1,4,2,2,3,2,1
88,1,1,2,1,1,2,3
88,1,2,2,3,3,1,2
88,1,3,1,1,2,2,1
88,1,4,3,2,1,3,3
89,1,1,3,1,3,1,1
89,1,2,1,3,2,3,2
89,1,3,2,2,1,2,3
89,1,4,3,1,3,3,1
90,1,1,1,3,2,1,2
90,1,2,1,3,1,1,2
90,1,3,3,2,3,2,3
90,1,4,2,1,1,3,1
91,1,1,1,1,2,2,2
91,1,2,3,3,3,3,3
91,1,3,3,3,2,2,1
91,1,4,2,2,1,1,1
92,1,1,1,2,3,3,2
92,1,2,2,2,3,1,2
92,1,3,3,3,1,2,1
92,1,4,1,1,2,3,3
93,1,1,3,3,1,3,1
93,1,2,1,2,3,2,2
93,1,3,2,1,2,1,3
93,1,4,2,3,2,1,3
94,1,1,3,2,2,1,1
94,1,2,3,1,1,2,2
94,1,3,1,3,3,2,3
94,1,4,2,1,1,3,2
95,1,1,1,1,3,1,1
95,1,2,2,2,2,3,3
95,1,3,3,3,1,2,2
95,1,4,1,2,2,3,1
96,1,1,1,3,1,2,1
96,1,2,3,1,1,1,3
96,1,3,2,1,3,1,3
96,1,4,3,2,2,3,2
97,1,1,1,3,2,3,3
97,1,2,2,1,3,2,2
97,1,3,3,2,1,1,1
97,1,4,2,3,3,3,1
98,1,1,3,3,1,3,1
98,1,2,1,1,3,1,2
98,1,3,1,2,3,2,3
98,1,4,2,2,2,2,3
99,1,1,2,1,2,2,2
99,1,2,1,1,1,3,3
99,1,3,3,2,3,2,1
99,1,4,2,3,2,1,2
100,1,1,3,1,2,3,1
100,1,2,3,3,3,1,3
100,1,3,1,2,1,1,2
100,1,4,2,3,3,2,3
101,1,1,2,2,1,3,2
101,1,2,1,1,2,1,1
101,1,3,3,3,3,2,3
101,1,4,2,1,1,1,1
102,1,1,2,3,3,1,1
102,1,2,3,1,1,2,3
102,1,3,1,2,2,2,1
102,1,4,1,2,2,3,2
103,1,1,1,3,1,1,3
103,1,2,2,3,1,3,2
103,1,3,2,2,2,2,1
103,1,4,3,1,3,3,2
104,1,1,3,2,2,1,3
104,1,2,3,2,3,1,2
104,1,3,2,3,1,2,1
104,1,4,1,1,2,3,3
105,1,1,1,1,3,3,2
105,1,2,3,2,1,1,3
105,1,3,2,3,2,2,1
105,1,4,1,1,3,3,1
106,1,1,1,3,1,1,2
106,1,2,2,2,3,3,3
106,1,3,3,1,2,2,1
106,1,4,3,3,2,3,2
107,1,1,3,3,2,3,1
107,1,2,2,2,3,1,2
107,1,3,1,1,1,2,3
107,1,4,2,1,1,2,2
108,1,1,1,2,3,2,3
108,1,2,1,2,3,1,1
108,1,3,2,1,1,3,3
108,1,4,3,3,2,2,2
109,1,1,2,3,2,1,3
109,1,2,3,1,3,2,2
109,1,3,2,2,2,3,3
109,1,4,1,3,1,1,1
110,1,1,1,1,3,3,1
110,1,2,3,2,1,1,2
110,1,3,3,2,3,3,1
110,1,4,2,3,2,2,3
111,1,1,1,1,1,1,2
111,1,2,3,3,3,3,3
111,1,3,1,1,1,2,2
111,1,4,2,2,2,2,1
112,1,1,1,3,2,1,2
112,1,2,3,1,2,1,1
112,1,3,2,3,3,3,2
112,1,4,1,2,1,2,3
113,1,1,2,1,1,3,1
113,1,2,1,3,2,2,2
113,1,3,3,2,1,3,3
113,1,4,2,1,3,1,1
114,1,1,1,3,1,3,1
114,1,2,3,3,3,1,3
114,1,3,3,2,3,1,3
114,1,4,2,1,2,2,2
115,1,1,2,2,3,3,2
115,1,2,3,1,2,3,3
115,1,3,2,3,1,1,2
115,1,4,1,2,3,2,1
116,1,1,3,1,1,2,3
116,1,2,1,2,2,1,1
116,1,3,2,3,3,3,2
116,1,4,3,1,1,1,1
117,1,1,3,1,1,3,2
117,1,2,2,3,3,1,1
117,1,3,1,2,2,3,3
117,1,4,1,2,2,2,3
118,1,1,1,3,1,1,3
118,1,2,1,1,3,2,1
118,1,3,2,1,2,3,1
118,1,4,3,2,3,2,2
119,1,1,2,3,1,2,3
119,1,2,3,2,2,1,2
119,1,3,2,2,1,1,3
119,1,4,1,1,3,3,1
120,1,1,3,3,2,2,2
120,1,2,2,2,1,3,1
120,1,3,3,3,2,2,1
120,1,4,1,1,3,1,3
121,1,1,2,1,2,1,2
121,1,2,1,2,1,3,2
121,1,3,1,3,3,3,3
121,1,4,3,2,1,2,1
122,1,1,2,1,3,2,3
122,1,2,3,1,2,1,3
122,1,3,3,3,2,1,2
122,1,4,1,2,1,3,1
123,1,1,2,3,3,2,2
123,1,2,1,2,2,1,1
123,1,3,1,3,3,2,2
123,1,4,3,1,1,3,3
124,1,1,2,3,2,3,3
124,1,2,1,1,1,2,3
124,1,3,2,2,2,3,2
124,1,4,3,3,3,1,1
125,1,1,2,2,1,1,2
125,1,2,3,1,3,2,1
125,1,3,3,2,3,2,2
125,1,4,1,3,2,3,3
126,1,1,2,1,1,1,1
126,1,2,1,3,2,2,2
126,1,3,3,2,3,3,3
126,1,4,2,3,1,1,1
127,1,1,1,1,2,1,2
127,1,2,3,2,1,3,2
127,1,3,2,1,2,2,3
127,1,4,1,3,3,1,1
128,1,1,1,3,2,1,2
128,1,2,2,2,1,2,3
128,1,3,3,1,1,3,3
128,1,4,2,2,3,2,1
129,1,1,3,3,3,3,1
129,1,2,1,3,1,2,2
129,1,3,3,1,2,3,1
129,1,4,2,2,3,1,3
130,1,1,1,2,2,2,1
130,1,2,3,3,1,1,3
130,1,3,2,1,2,2,1
130,1,4,2,1,3,3,2
131,1,1,1,1,3,1,3
131,1,2,3,2,1,3,2
131,1,3,3,1,3,1,2
131,1,4,2,3,2,2,1
132,1,1,3,2,2,1,1
132,1,2,1,2,2,3,3
132,1,3,1,3,1,3,3
132,1,4,2,1,3,2,2
133,1,1,2,3,3,3,3
133,1,2,3,3,1,2,3
133,1,3,3,2,2,1,2
133,1,4,1,1,1,2,1
134,1,1,2,1,1,3,2
134,1,2,2,2,1,1,1
134,1,3,3,3,2,2,3
134,1,4,1,1,3,3,2
135,1,1,3,3,1,2,2
135,1,2,1,2,3,2,1
135,1,3,1,2,3,1,1
135,1,4,2,1,2,3,3
136,1,1,2,3,3,1,3
136,1,2,1,3,1,3,1
136,1,3,3,1,2,1,3
136,1,4,2,2,3,2,2
137,1,1,2,3,3,2,3
137,1,2,1,1,1,1,2
137,1,3,3,2,2,3,1
137,1,4,1,2,2,3,2
138,1,1,3,1,1,2,1
138,1,2,2,3,3,3,2
138,1,3,3,1,1,1,1
138,1,4,1,2,2,2,3
139,1,1,2,2,1,1,3
139,1,2,3,3,3,3,1
139,1,3,1,1,2,2,2
139,1,4,2,3,2,1,1
140,1,1,1,1,3,1,3
140,1,2,3,2,3,1,3
140,1,3,1,3,1,3,2
140,1,4,2,1,2,2,1
141,1,1,3,2,1,2,2
141,1,2,1,3,3,1,3
141,1,3,3,2,3,3,2
141,1,4,2,1,2,3,1
142,1,1,1,3,3,3,1
142,1,2,2,2,1,3,3
142,1,3,2,2,1,1,2
142,1,4,3,1,2,2,3
143,1,1,3,3,2,1,2
143,1,2,1,3,1,1,1
143,1,3,2,2,3,3,3
143,1,4,1,1,1,2,1
144,1,1,2,3,2,3,1
144,1,2,1,2,1,1,3
144,1,3,2,1,2,1,2
144,1,4,3,1,3,2,2
145,1,1,3,3,1,2,3
145,1,2,3,2,3,2,1
145,1,3,2,3,1,1,2
145,1,4,1,1,2,3,3
146,1,1,1,1,3,2,2
146,1,2,2,3,1,1,3
146,1,3,1,2,2,2,2
146,1,4,3,1,3,3,1
147,1,1,3,3,2,3,1
147,1,2,1,3,3,1,2
147,1,3,3,2,2,3,1
147,1,4,2,1,1,2,3
148,1,1,1,2,2,2,3
148,1,2,2,2,3,2,1
148,1,3,3,1,2,1,3
148,1,4,1,3,1,3,2
149,1,1,3,1,3,1,2
149,1,2,1,3,2,2,3
149,1,3,2,1,1,3,2
149,1,4,3,2,3,1,1
150,1,1,1,1,2,1,2
150,1,2,2,2,1,3,1
150,1,3,3,3,3,2,3
150,1,4,2,2,1,2,1
151,1,1,2,2,2,3,2
151,1,2,1,1,1,1,1
151,1,3,2,1,3,3,3
151,1,4,3,3,3,2,3
152,1,1,2,3,2,1,1
152,1,2,1,2,2,1,1
152,1,3,2,1,3,2,3
152,1,4,3,3,1,3,2
153,1,1,2,1,2,1,3
153,1,2,1,3,3,2,1
153,1,3,3,2,1,3,2
153,1,4,1,2,1,3,3
154,1,1,1,1,3,3,1
154,1,2,2,3,1,1,3
154,1,3,3,2,2,2,2
154,1,4,3,1,1,2,2
155,1,1,1,2,3,1,2
155,1,2,2,1,1,2,3
155,1,3,3,3,2,3,1
155,1,4,1,3,2,3,2
156,1,1,1,1,1,3,3
156,1,2,2,3,2,2,2
156,1,3,3,2,3,1,3
156,1,4,3,2,3,1,1
157,1,1,1,3,1,2,1
157,1,2,3,1,1,1,1
157,1,3,2,1,3,3,2
157,1,4,3,2,2,1,3
158,1,1,2,2,3,2,2
158,1,2,3,1,1,1,3
158,1,3,2,3,3,3,1
158,1,4,1,3,2,3,1
159,1,1,1,2,2,2,2
159,1,2,2,1,1,1,1
159,1,3,3,3,3,3,3
159,1,4,1,2,1,2,2
160,1,1,1,3,3,1,2
160,1,2,3,1,2,3,2
160,1,3,2,2,2,3,3
160,1,4,3,1,1,2,1
161,1,1,2,2,2,2,1
161,1,2,3,1,1,3,2
161,1,3,2,3,2,1,1
161,1,4,1,2,3,2,3
162,1,1,3,1,2,2,1
162,1,2,2,2,1,3,2
162,1,3,1,1,3,3,3
162,1,4,1,3,3,1,3
163,1,1,2,3,2,1,2
163,1,2,1,2,1,2,1
163,1,3,3,3,1,1,2
163,1,4,3,1,3,3,3
164,1,1,3,1,1,3,2
164,1,2,2,2,3,1,1
164,1,3,1,2,2,1,3
164,1,4,1,3,2,2,3
165,1,1,2,1,3,2,2
165,1,2,2,3,3,2,1
165,1,3,1,1,1,1,2
165,1,4,3,2,2,3,3
166,1,1,3,3,1,2,1
166,1,2,2,2,2,3,3
166,1,3,1,3,1,3,1
166,1,4,1,1,3,1,2
167,1,1,3,2,3,1,1
167,1,2,1,1,1,3,1
167,1,3,2,2,3,2,2
167,1,4,3,3,2,1,3
168,1,1,3,2,3,3,2
168,1,2,2,3,1,2,3
168,1,3,2,1,2,2,3
168,1,4,1,1,2,1,1
169,1,1,1,1,3,3,1
169,1,2,3,3,2,2,2
169,1,3,3,3,3,3,3
169,1,4,2,2,1,1,3
170,1,1,3,1,3,3,3
170,1,2,1,2,1,2,1
170,1,3,2,3,1,1,1
170,1,4,2,3,2,1,2
171,1,1,1,1,2,2,2
171,1,2,2,1,3,1,1
171,1,3,1,2,2,2,2
171,1,4,3,3,1,3,3
172,1,1,2,3,2,3,1
172,1,2,3,2,1,2,3
172,1,3,1,2,1,3,3
172,1,4,1,1,3,1,2
173,1,1,2,2,2,1,2
173,1,2,3,3,3,2,1
173,1,3,1,1,1,3,3
173,1,4,3,2,2,1,1
174,1,1,3,1,2,1,3
174,1,2,2,3,3,2,2
174,1,3,2,3,3,3,2
174,1,4,1,2,1,3,1
175,1,1,2,2,1,3,2
175,1,2,1,3,3,1,3
175,1,3,3,3,1,2,2
175,1,4,3,1,2,2,1
176,1,1,1,2,3,1,1
176,1,2,2,1,3,2,1
176,1,3,3,3,1,3,2
176,1,4,2,1,2,2,3
177,1,1,3,3,3,2,1
177,1,2,2,1,1,1,2
177,1,3,1,3,2,1,3
177,1,4,1,2,2,3,3
178,1,1,3,2,3,1,2
178,1,2,1,3,1,2,3
178,1,3,2,1,2,3,1
178,1,4,2,2,1,2,3
179,1,1,3,2,1,1,1
179,1,2,1,1,2,3,2
179,1,3,1,2,3,3,2
179,1,4,2,3,3,2,3
180,1,1,2,2,3,3,3
180,1,2,3,3,2,3,1
180,1,3,3,1,2,1,1
180,1,4,1,3,1,2,2
181,1,1,2,1,1,1,3
181,1,2,3,2,2,2,2
181,1,3,3,1,3,1,2
181,1,4,1,3,3,3,1
182,1,1,2,2,1,1,1
182,1,2,3,3,3,3,2
182,1,3,1,1,2,2,3
182,1,4,1,1,1,2,1
183,1,1,2,2,2,3,1
183,1,2,3,3,1,3,2
183,1,3,2,2,2,1,3
183,1,4,1,1,3,2,1
184,1,1,2,1,2,2,2
184,1,2,3,2,3,3,1
184,1,3,1,3,1,1,3
184,1,4,3,2,3,1,3
185,1,1,2,2,3,3,1
185,1,2,3,1,1,2,3
185,1,3,1,3,2,1,2
185,1,4,2,3,1,1,2
186,1,1,1,1,2,3,3
186,1,2,1,1,3,2,3
186,1,3,3,2,1,2,2
186,1,4,2,3,3,1,1
187,1,1,2,1,3,1,2
187,1,2,3,3,2,3,3
187,1,3,1,2,1,2,1
187,1,4,2,1,2,3,1
188,1,1,3,2,2,2,3
188,1,2,3,3,1,2,3
188,1,3,2,1,3,3,1
188,1,4,1,2,2,1,2
189,1,1,1,3,1,1,1
189,1,2,2,2,3,2,2
189,1,3,3,1,2,3,3
189,1,4,1,3,2,1,2
190,1,1,2,2,1,3,3
190,1,2,2,3,2,3,2
190,1,3,3,1,1,1,1
190,1,4,1,2,3,2,3
191,1,1,1,1,3,2,2
191,1,2,2,2,2,3,3
191,1,3,1,3,1,2,1
191,1,4,3,1,3,1,2
192,1,1,3,3,2,1,1
192,1,2,1,2,3,2,3
192,1,3,3,2,1,1,1
192,1,4,2,1,1,3,2
193,1,1,3,2,1,1,2
193,1,2,2,3,3,1,3
193,1,3,2,1,2,2,1
193,1,4,1,3,3,3,3
194,1,1,2,2,3,1,3
194,1,2,3,3,2,2,1
194,1,3,1,3,2,3,1
194,1,4,3,1,1,2,2
195,1,1,3,2,3,2,1
195,1,2,1,2,1,3,2
195,1,3,1,1,1,3,2
195,1,4,2,3,2,1,3
196,1,1,2,1,1,1,3
196,1,2,1,2,2,3,2
196,1,3,3,1,3,1,3
196,1,4,2,3,1,2,1
197,1,1,3,3,3,3,2
197,1,2,2,2,1,1,3
197,1,3,1,1,2,2,1
197,1,4,3,1,2,2,2
198,1,1,3,1,1,1,3
198,1,2,2,2,2,2,2
198,1,3,1,3,3,3,1
198,1,4,1,1,3,3,1
199,1,1,3,1,1,3,3
199,1,2,2,3,3,2,2
199,1,3,2,3,1,3,1
199,1,4,1,2,2,1,1
200,1,1,1,3,2,1,2
200,1,2,2,1,1,3,1
200,1,3,3,2,3,2,3
200,1,4,1,2,3,1,2
201,1,1,3,3,2,3,3
201,1,2,2,1,3,3,2
201,1,3,3,3,2,2,3
201,1,4,1,2,1,1,1
202,1,1,2,2,3,3,2
202,1,2,3,1,2,1,1
202,1,3,1,3,1,2,3
202,1,4,2,3,1,2,2
203,1,1,1,1,3,2,3
203,1,2,2,3,1,3,2
203,1,3,3,2,2,2,1
203,1,4,1,1,3,1,3
204,1,1,1,3,1,3,3
204,1,2,3,2,2,1,2
204,1,3,3,2,2,3,1
204,1,4,2,1,3,2,1
205,1,1,2,1,2,2,3
205,1,2,1,1,2,1,2
205,1,3,1,2,1,3,2
205,1,4,3,3,3,1,1
206,1,1,2,3,1,1,1
206,1,2,2,2,1,2,1
206,1,3,1,1,2,3,2
206,1,4,3,3,3,1,3
207,1,1,3,2,3,3,3
207,1,2,3,2,3,2,3
207,1,3,2,1,2,3,1
207,1,4,1,3,1,1,2
208,1,1,2,2,2,1,3
208,1,2,2,3,3,2,2
208,1,3,1,3,3,3,1
208,1,4,3,1,1,2,2
209,1,1,1,2,1,2,1
209,1,2,2,1,2,1,3
209,1,3,3,3,3,3,2
209,1,4,3,1,1,1,1
210,1,1,2,1,3,1,1
210,1,2,1,3,2,2,3
210,1,3,3,3,1,3,2
210,1,4,1,2,2,2,3
211,1,1,1,1,3,1,2
211,1,2,2,2,1,3,3
211,1,3,3,3,2,2,1
211,1,4,3,2,2,1,2
212,1,1,2,1,1,2,3
212,1,2,3,3,2,1,2
212,1,3,1,2,3,3,1
212,1,4,1,1,1,3,3
213,1,1,2,2,3,2,2
213,1,2,2,2,3,2,1
213,1,3,1,3,1,1,3
213,1,4,3,1,2,3,2
214,1,1,3,1,1,2,1
214,1,2,2,3,2,3,1
214,1,3,1,1,3,2,2
214,1,4,3,2,1,1,3
215,1,1,1,2,3,1,1
215,1,2,1,3,3,1,3
215,1,3,3,1,1,2,2
215,1,4,2,3,2,3,3
216,1,1,3,3,3,2,3
216,1,2,1,2,2,3,1
216,1,3,2,2,2,3,1
216,1,4,1,1,1,1,2
217,1,1,2,2,1,1,2
217,1,2,2,3,2,2,2
217,1,3,1,2,1,1,1
217,1,4,3,1,3,3,3
218,1,1,2,1,3,3,3
218,1,2,1,2,1,1,2
218,1,3,3,1,3,3,1
218,1,4,2,3,2,2,3
219,1,1,2,1,2,1,2
219,1,2,3,3,1,2,1
219,1,3,1,2,3,3,3
219,1,4,1,3,2,2,1
220,1,1,3,2,1,3,3
220,1,2,3,2,3,2,2
220,1,3,1,1,2,2,2
220,1,4,2,3,3,1,1
221,1,1,2,3,1,3,3
221,1,2,1,2,3,2,2
221,1,3,2,1,1,1,1
221,1,4,3,1,2,1,1
222,1,1,3,3,2,3,3
222,1,2,3,2,2,3,3
222,1,3,2,2,1,2,2
222,1,4,1,1,3,1,1
223,1,1,2,2,1,3,1
223,1,2,1,3,1,2,1
223,1,3,1,1,2,2,3
223,1,4,3,3,3,1,2
224,1,1,2,3,3,1,2
224,1,2,1,3,2,3,2
224,1,3,3,2,1,2,1
224,1,4,2,1,3,1,3
225,1,1,3,1,1,3,3
225,1,2,1,3,1,1,3
225,1,3,3,1,2,3,2
225,1,4,2,2,3,2,1
226,1,1,1,2,2,1,3
226,1,2,3,3,3,3,1
226,1,3,2,1,1,2,2
226,1,4,3,2,2,1,2
227,1,1,1,1,3,2,3
227,1,2,3,2,1,1,2
227,1,3,1,1,2,3,1
227,1,4,2,3,3,2,3
228,1,1,2,3,2,1,1
228,1,2,1,2,3,1,2
228,1,3,2,3,2,3,1
228,1,4,3,1,1,2,3
229,1,1,2,1,3,3,2
229,1,2,1,3,1,3,2
229,1,3,3,1,3,1,1
229,1,4,2,2,2,2,3
230,1,1,1,2,1,3,3
230,1,2,3,2,2,3,3
230,1,3,1,3,1,2,1
230,1,4,2,1,3,1,2
231,1,1,2,1,1,1,3
231,1,2,3,3,2,2,1
231,1,3,1,2,3,3,2
231,1,4,3,3,3,2,1
232,1,1,3,2,3,2,2
232,1,2,1,1,2,2,2
232,1,3,2,1,1,3,1
232,1,4,1,3,2,1,3
233,1,1,1,1,3,2,2
233,1,2,2,2,2,3,1
233,1,3,3,2,2,1,1
233,1,4,3,3,1,1,3
234,1,1,2,3,1,3,2
234,1,2,3,2,3,2,1
234,1,3,2,3,3,3,3
234,1,4,1,1,2,1,3
235,1,1,2,2,2,2,2
235,1,2,1,3,3,1,3
235,1,3,3,1,1,3,1
235,1,4,2,2,1,2,3
236,1,1,1,1,2,1,1
236,1,2,3,3,2,1,2
236,1,3,3,3,1,3,2
236,1,4,2,2,3,2,3
237,1,1,1,2,1,3,1
237,1,2,1,1,1,3,1
237,1,3,2,3,2,2,2
237,1,4,3,2,3,1,3
238,1,1,2,3,3,1,1
238,1,2,1,2,1,3,2
238,1,3,3,1,3,3,3
238,1,4,3,1,2,2,3
239,1,1,3,2,3,3,3
239,1,2,1,3,1,2,1
239,1,3,1,3,2,2,2
239,1,4,2,1,1,1,1
240,1,1,2,1,2,1,2
240,1,2,1,3,3,3,1
240,1,3,3,2,1,2,3
240,1,4,2,1,2,3,2
241,1,1,3,3,1,1,2
241,1,2,2,2,1,1,3
241,1,3,1,1,2,2,3
241,1,4,2,2,3,3,1
242,1,1,3,1,3,2,1
242,1,2,3,3,3,1,2
242,1,3,2,3,1,3,3
242,1,4,1,2,2,1,2
243,1,1,2,2,1,1,3
243,1,2,3,3,3,3,2
243,1,3,1,2,2,2,1
243,1,4,1,1,2,2,1
244,1,1,1,3,3,3,3
244,1,2,3,2,2,1,1
244,1,3,3,1,2,3,3
244,1,4,2,1,1,2,2
245,1,1,2,1,3,1,1
245,1,2,1,3,1,1,1
245,1,3,3,2,2,3,3
245,1,4,1,3,1,2,2
246,1,1,3,2,1,3,1
246,1,2,2,1,3,2,2
246,1,3,1,3,2,1,3
246,1,4,2,2,3,2,2
247,1,1,2,3,2,2,1
247,1,2,1,1,3,3,3
247,1,3,3,1,1,2,3
247,1,4,3,2,1,1,2
248,1,1,1,1,3,1,1
248,1,2,2,3,2,3,2
248,1,3,2,1,2,3,2
248,1,4,3,2,1,2,3
249,1,1,1,3,3,1,3
249,1,2,2,1,1,2,3
249,1,3,1,2,2,3,2
249,1,4,3,3,3,1,1
250,1,1,1,1,3,3,3
250,1,2,3,3,1,2,2
250,1,3,3,1,2,3,1
250,1,4,2,2,2,1,1
251,1,1,3,1,2,3,3
251,1,2,2,3,1,1,1
251,1,3,1,2,3,2,1
251,1,4,1,2,3,2,2
252,1,1,2,3,1,1,3
252,1,2,3,2,3,3,1
252,1,3,1,3,2,2,3
252,1,4,2,1,1,1,2
253,1,1,1,2,1,3,2
253,1,2,3,3,3,2,1
253,1,3,2,1,2,1,3
253,1,4,3,1,3,1,2
254,1,1,2,3,2,3,1
254,1,2,2,2,2,3,2
254,1,3,1,1,1,2,1
254,1,4,3,3,3,1,3
255,1,1,3,1,2,1,1
255,1,2,1,2,1,2,2
255,1,3,2,3,3,3,3
255,1,4,1,2,1,1,3
256,1,1,2,2,3,1,3
256,1,2,3,1,1,2,2
256,1,3,1,1,1,3,1
256,1,4,3,3,2,2,2
257,1,1,1,3,3,3,2
257,1,2,2,2,2,2,1
257,1,3,3,1,1,1,3
257,1,4,2,2,3,3,2
258,1,1,1,3,2,2,1
258,1,2,3,1,1,3,1
258,1,3,1,3,2,2,3
258,1,4,2,2,3,1,2
259,1,1,2,1,3,2,3
259,1,2,1,2,2,1,3
259,1,3,3,2,2,1,2
259,1,4,1,3,1,3,1
260,1,1,3,3,1,3,2
260,1,2,3,3,3,2,2
260,1,3,2,1,3,2,1
260,1,4,1,2,2,1,3
261,1,1,3,2,2,2,3
261,1,2,1,3,3,1,2
261,1,3,2,2,1,3,1
261,1,4,2,1,1,3,1
262,1,1,2,3,1,2,3
262,1,2,3,2,3,1,1
262,1,3,1,1,3,3,3
262,1,4,1,1,2,3,2
263,1,1,1,2,3,3,3
263,1,2,3,3,1,2,1
263,1,3,2,3,2,1,1
263,1,4,2,1,2,1,2
264,1,1,1,2,3,1,1
264,1,2,3,1,1,1,2
264,1,3,3,1,1,2,2
264,1,4,2,3,2,3,3
265,1,1,1,1,3,1,1
265,1,2,3,3,2,3,2
265,1,3,3,2,2,2,1
265,1,4,2,2,1,2,3
266,1,1,3,2,2,1,1
266,1,2,2,1,3,2,3
266,1,3,2,3,3,2,2
266,1,4,1,3,1,3,2
267,1,1,3,2,3,3,2
267,1,2,1,1,2,3,3
267,1,3,1,1,1,1,3
267,1,4,2,3,2,2,1
268,1,1,3,3,1,1,3
268,1,2,1,2,1,2,2
268,1,3,2,2,2,3,2
268,1,4,1,1,3,2,1
269,1,1,2,1,1,1,1
269,1,2,1,2,2,2,2
269,1,3,3,1,3,3,1
269,1,4,3,3,3,3,3
270,1,1,1,2,3,3,1
270,1,2,3,1,2,2,2
270,1,3,2,3,1,1,3
270,1,4,2,3,1,1,2
271,1,1,3,2,1,2,3
271,1,2,1,3,2,1,1
271,1,3,3,3,3,2,3
271,1,4,2,1,3,3,2
272,1,1,1,1,2,1,3
272,1,2,2,2,2,3,3
272,1,3,2,2,1,3,1
272,1,4,3,3,3,2,2
273,1,1,2,2,3,2,3
273,1,2,1,2,1,1,2
273,1,3,3,3,2,3,2
273,1,4,1,1,1,1,1
274,1,1,3,1,2,2,1
274,1,2,1,3,1,3,3
274,1,3,3,1,1,3,1
274,1,4,2,2,3,1,2
275,1,1,1,3,3,2,1
275,1,2,2,3,3,1,1
275,1,3,3,2,1,3,2
275,1,4,2,1,2,1,3
276,1,1,2,3,1,3,2
276,1,2,1,1,2,2,2
276,1,3,3,2,3,1,1
276,1,4,1,1,2,2,3
277,1,1,1,1,3,3,2
277,1,2,1,2,1,2,3
277,1,3,2,2,1,2,1
277,1,4,3,3,2,1,3
278,1,1,2,1,3,3,3
278,1,2,3,1,3,1,3
278,1,3,1,2,1,2,2
278,1,4,2,3,2,3,1
279,1,1,3,2,2,1,1
279,1,2,3,3,2,1,1
279,1,3,2,1,3,2,2
279,1,4,1,2,1,3,3
280,1,1,2,3,1,2,1
280,1,2,2,2,2,3,1
280,1,3,3,1,1,2,3
280,1,4,1,3,3,1,2
281,1,1,1,3,2,1,2
281,1,2,3,1,2,1,2
281,1,3,2,2,1,2,1
281,1,4,1,3,3,3,3
282,1,1,2,2,2,1,2
282,1,2,3,1,3,3,1
282,1,3,1,3,1,2,1
282,1,4,3,1,3,3,3
283,1,1,3,2,1,1,3
283,1,2,2,3,2,2,3
283,1,3,3,2,3,3,1
283,1,4,1,1,1,1,2
284,1,1,1,3,2,3,3
284,1,2,2,1,2,3,2
284,1,3,3,2,1,1,1
284,1,4,2,1,3,2,2
285,1,1,1,2,3,2,3
285,1,2,3,2,2,3,2
285,1,3,1,3,3,2,3
285,1,4,2,1,1,1,1
286,1,1,2,3,3,1,2
286,1,2,3,3,1,3,2
286,1,3,1,1,2,2,1
286,1,4,2,2,3,1,3
287,1,1,1,3,1,3,1
287,1,2,3,3,1,2,3
287,1,3,2,2,3,1,2
287,1,4,3,1,2,2,3
288,1,1,1,2,2,3,1
288,1,2,2,3,1,1,3
288,1,3,1,1,2,3,1
288,1,4,3,2,3,2,2
289,1,1,2,1,1,3,3
289,1,2,2,2,2,3,3
289,1,3,1,1,1,1,2
289,1,4,3,3,3,2,1
290,1,1,2,2,1,3,3
290,1,2,1,1,3,1,1
290,1,3,1,3,3,1,1
290,1,4,3,3,2,2,2
291,1,1,1,2,1,1,3
291,1,2,2,1,2,2,2
291,1,3,3,1,2,2,2
291,1,4,2,3,3,3,1
292,1,1,3,3,2,1,3
292,1,2,2,3,3,1,3
292,1,3,3,1,1,3,2
292,1,4,1,2,2,2,1
293,1,1,2,3,2,1,3
293,1,2,3,2,3,3,1
293,1,3,3,1,1,2,1
293,1,4,1,2,3,3,2
294,1,1,2,2,2,2,1
294,1,2,3,3,3,3,3
294,1,3,1,1,1,1,2
294,1,4,1,3,1,2,2
295,1,1,3,2,2,1,2
295,1,2,1,1,2,3,3
295,1,3,1,3,1,3,1
295,1,4,2,1,3,2,3
296,1,1,3,1,3,1,1
296,1,2,2,1,1,1,1
296,1,3,3,3,2,3,3
296,1,4,1,2,3,2,2
297,1,1,2,3,1,2,2
297,1,2,3,1,3,3,3
297,1,3,2,2,1,2,2
297,1,4,1,3,2,1,1
298,1,1,2,1,2,3,2
298,1,2,3,2,1,1,3
298,1,3,1,3,3,2,1
298,1,4,1,2,2,2,3
299,1,1,2,1,1,3,1
299,1,2,1,3,2,2,3
299,1,3,3,2,1,3,1
299,1,4,2,1,3,1,2
300,1,1,1,3,1,3,3
300,1,2,1,2,3,1,2
300,1,3,2,1,2,2,1
300,1,4,3,2,3,1,2
301,1,1,3,3,1,3,2
301,1,2,3,1,1,2,3
301,1,3,1,1,2,1,1
301,1,4,2,2,3,2,3
302,1,1,2,2,2,3,1
302,1,2,2,3,2,3,2
302,1,3,3,2,3,1,1
302,1,4,1,1,1,2,3
303,1,1,3,3,2,1,2
303,1,2,1,2,2,3,3
303,1,3,2,1,1,2,1
303,1,4,3,3,3,1,2
304,1,1,2,3,1,1,3
304,1,2,2,3,3,2,1
304,1,3,3,2,2,2,1
304,1,4,1,1,3,3,2
305,1,1,3,1,3,1,3
305,1,2,1,2,1,3,2
305,1,3,1,2,1,1,3
305,1,4,2,3,2,2,1
306,1,1,1,3,1,2,1
306,1,2,1,1,3,3,2
306,1,3,3,1,3,3,2
306,1,4,2,2,2,1,3
307,1,1,3,3,1,3,1
307,1,2,1,1,2,3,1
307,1,3,3,2,3,2,3
307,1,4,2,3,1,1,2
308,1,1,1,3,1,3,1
308,1,2,3,2,2,2,2
308,1,3,2,2,3,2,2
308,1,4,3,1,2,1,3
309,1,1,1,2,2,3,1
309,1,2,2,1,3,1,3
309,1,3,2,1,3,3,3
309,1,4,3,3,1,2,2
310,1,1,3,1,1,1,1
310,1,2,2,2,1,3,3
310,1,3,1,1,2,1,2
310,1,4,3,3,3,2,1
311,1,1,1,2,3,1,1
311,1,2,3,1,1,3,1
311,1,3,2,2,2,1,2
311,1,4,1,3,3,2,3
312,1,1,3,2,1,2,3
312,1,2,2,3,2,2,3
312,1,3,1,1,3,1,1
312,1,4,2,3,2,3,2
313,1,1,1,1,1,2,2
313,1,2,2,2,2,1,1
313,1,3,3,3,3,3,3
313,1,4,2,3,3,3,2
314,1,1,1,2,1,1,2
314,1,2,3,1,2,2,3
314,1,3,1,1,2,2,3
314,1,4,2,3,3,3,1
315,1,1,2,1,2,3,3
315,1,2,3,2,1,3,2
315,1,3,3,3,1,1,2
315,1,4,1,2,3,2,1
316,1,1,3,3,2,1,1
316,1,2,1,3,2,1,2
316,1,3,1,2,3,3,3
316,1,4,2,1,1,2,2
317,1,1,3,2,3,2,3
317,1,2,2,1,3,2,1
317,1,3,2,1,1,1,1
317,1,4,1,3,2,3,2
318,1,1,3,2,1,1,3
318,1,2,1,1,3,2,2
318,1,3,2,3,2,3,1
318,1,4,1,2,1,1,3
319,1,1,3,1,2,3,3
319,1,2,3,2,2,2,1
319,1,3,2,3,1,1,3
319,1,4,1,1,3,3,2
320,1,1,3,3,3,2,2
320,1,2,1,1,2,3,3
320,1,3,3,3,3,1,1
320,1,4,2,2,1,2,2
321,1,1,2,2,1,3,1
321,1,2,2,2,3,1,1
321,1,3,3,1,2,1,2
321,1,4,1,3,3,2,3
322,1,1,1,3,2,1,3
322,1,2,2,2,3,3,2
322,1,3,2,1,1,1,3
322,1,4,3,1,1,2,1
323,1,1,1,2,2,2,2
323,1,2,1,3,1,2,1
323,1,3,3,2,2,3,2
323,1,4,2,1,3,1,3
324,1,1,1,1,3,1,2
324,1,2,3,3,1,3,3
324,1,3,3,3,1,3,1
324,1,4,2,2,2,2,3
325,1,1,2,1,1,2,2
325,1,2,3,1,2,2,1
325,1,3,1,2,2,1,1
325,1,4,3,3,3,3,3
326,1,1,1,2,3,3,1
326,1,2,1,2,1,3,2
326,1,3,2,3,1,1,2
326,1,4,3,1,2,2,3
327,1,1,2,3,3,2,1
327,1,2,3,2,2,2,2
327,1,3,1,1,1,3,3
327,1,4,2,3,3,1,1
328,1,1,3,2,1,1,1
328,1,2,1,3,2,1,2
328,1,3,2,2,1,2,3
328,1,4,3,1,3,3,1
329,1,1,2,3,2,3,3
329,1,2,1,3,3,1,3
329,1,3,2,1,2,3,2
329,1,4,3,2,1,2,1
330,1,1,1,1,3,1,2
330,1,2,1,1,1,1,1
330,1,3,2,2,2,3,1
330,1,4,3,3,1,2,3
331,1,1,2,3,3,2,2
331,1,2,3,2,3,3,2
331,1,3,2,1,1,1,1
331,1,4,1,3,2,2,3
332,1,1,3,2,2,1,3
332,1,2,2,3,1,2,1
332,1,3,1,1,3,3,2
332,1,4,3,1,2,1,2
333,1,1,1,2,3,3,3
333,1,2,2,1,1,2,1
333,1,3,3,3,2,1,2
333,1,4,1,2,3,2,3
334,1,1,2,1,3,2,3
334,1,2,1,2,2,1,1
334,1,3,3,1,3,3,1
334,1,4,3,3,1,3,2
335,1,1,1,3,2,1,1
335,1,2,3,1,3,2,2
335,1,3,1,3,1,3,2
335,1,4,2,2,1,3,3
336,1,1,2,2,2,1,3
336,1,2,1,1,1,2,2
336,1,3,2,2,3,1,3
336,1,4,3,3,3,3,1
337,1,1,2,3,2,2,2
337,1,2,2,1,2,3,1
337,1,3,1,2,3,2,2
337,1,4,3,3,1,1,3
338,1,1,3,2,2,3,1
338,1,2,1,1,1,1,3
338,1,3,3,1,2,3,3
338,1,4,2,3,3,2,2
339,1,1,2,3,2,3,2
339,1,2,1,2,1,1,1
339,1,3,3,2,1,1,2
339,1,4,3,1,3,2,3
340,1,1,3,2,3,1,2
340,1,2,1,3,2,2,1
340,1,3,1,3,3,3,1
340,1,4,2,1,1,3,3
341,1,1,2,1,2,1,1
341,1,2,1,1,2,2,1
341,1,3,2,2,1,1,3
341,1,4,3,3,3,3,2
342,1,1,3,1,2,3,2
342,1,2,1,2,1,2,3
342,1,3,2,3,3,1,1
342,1,4,1,2,1,3,3
343,1,1,3,2,3,2,1
343,1,2,1,1,1,3,1
343,1,3,3,3,3,1,3
343,1,4,2,2,2,2,2
344,1,1,1,3,2,2,3
344,1,2,1,3,1,1,2
344,1,3,2,1,1,1,2
344,1,4,3,2,3,3,1
345,1,1,1,3,1,1,1
345,1,2,2,1,3,2,3
345,1,3,2,2,3,3,2
345,1,4,3,1,2,2,3
346,1,1,3,3,2,1,3
346,1,2,3,1,1,2,1
346,1,3,1,2,3,1,2
346,1,4,2,3,2,3,3
347,1,1,2,2,1,3,2
347,1,2,2,2,2,2,1
347,1,3,3,3,3,1,3
347,1,4,1,1,2,2,1
348,1,1,1,1,1,3,2
348,1,2,2,3,3,2,3
348,1,3,3,2,2,1,1
348,1,4,3,1,1,3,2
349,1,1,1,1,3,1,3
349,1,2,1,2,2,3,3
349,1,3,3,2,2,3,1
349,1,4,2,3,1,2,2
350,1,1,2,1,2,1,2
350,1,2,3,2,2,3,3
350,1,3,2,1,3,1,1
350,1,4,1,3,1,2,2
351,1,1,1,3,3,2,1
351,1,2,3,1,1,1,3
351,1,3,3,3,1,2,1
351,1,4,2,2,2,3,2
352,1,1,1,2,3,2,2
352,1,2,1,3,3,3,1
352,1,3,2,2,1,2,3
352,1,4,3,1,2,1,2
353,1,1,3,2,2,2,2
353,1,2,1,1,3,3,3
353,1,3,1,3,1,1,3
353,1,4,2,1,3,3,1
354,1,1,3,2,3,2,3
354,1,2,2,3,1,3,1
354,1,3,2,2,1,1,1
354,1,4,1,1,2,1,2
355,1,1,1,1,2,2,1
355,1,2,3,3,1,3,2
355,1,3,2,3,2,3,3
355,1,4,2,2,3,1,3
356,1,1,3,1,1,2,2
356,1,2,2,2,2,3,3
356,1,3,1,3,3,1,1
356,1,4,3,3,3,1,2
357,1,1,1,1,1,2,3
357,1,2,2,1,3,1,2
357,1,3,1,2,1,2,1
357,1,4,3,3,2,3,3
358,1,1,3,1,1,1,1
358,1,2,2,1,3,3,1
358,1,3,3,2,1,2,3
358,1,4,1,3,2,1,2
359,1,1,2,3,2,2,1
359,1,2,1,2,3,3,1
359,1,3,2,3,2,2,2
359,1,4,3,1,1,1,3
360,1,1,1,2,1,3,2
360,1,2,1,2,3,3,2
360,1,3,3,3,2,1,1
360,1,4,2,1,1,2,3
361,1,1,2,2,3,1,1
361,1,2,3,1,3,2,1
361,1,3,1,2,2,1,3
361,1,4,2,3,1,3,2
362,1,1,1,1,2,3,3
362,1,2,1,3,3,2,3
362,1,3,2,2,1,1,1
362,1,4,3,3,3,2,2
363,1,1,2,3,3,1,3
363,1,2,1,2,1,2,1
363,1,3,3,1,2,3,2
363,1,4,2,1,2,2,2
364,1,1,3,3,1,3,1
364,1,2,3,3,1,3,3
364,1,3,2,1,3,2,1
364,1,4,1,2,2,1,2
365,1,1,2,3,1,2,1
365,1,2,1,1,3,3,3
365,1,3,3,1,3,1,2
365,1,4,3,2,2,1,2
366,1,1,1,3,2,1,3
366,1,2,1,2,2,3,3
366,1,3,3,3,3,2,1
366,1,4,2,1,1,1,2
367,1,1,2,2,3,3,2
367,1,2,1,1,2,2,1
367,1,3,3,3,1,1,3
367,1,4,3,2,1,3,1
368,1,1,3,3,2,1,1
368,1,2,2,1,2,3,3
368,1,3,1,1,1,3,2
368,1,4,2,2,3,2,3
369,1,1,3,2,3,2,2
369,1,2,2,3,2,3,1
369,1,3,1,2,3,2,2
369,1,4,3,1,1,1,3
370,1,1,3,1,3,3,3
370,1,2,2,2,2,1,1
370,1,3,1,1,3,1,1
370,1,4,1,3,1,2,2
371,1,1,1,3,1,3,3
371,1,2,3,1,3,1,1
371,1,3,1,2,2,2,3
371,1,4,2,3,1,3,2
372,1,1,3,1,1,1,3
372,1,2,2,2,2,2,2
372,1,3,2,1,2,2,2
372,1,4,1,3,3,3,1
373,1,1,2,3,3,1,3
373,1,2,1,2,1,1,2
373,1,3,1,1,2,2,2
373,1,4,3,2,1,3,1
374,1,1,1,1,1,1,2
374,1,2,2,2,3,3,1
374,1,3,3,2,3,2,3
374,1,4,3,3,2,2,3
375,1,1,2,3,2,1,1
375,1,2,1,3,2,3,1
375,1,3,3,2,3,1,2
375,1,4,2,1,1,2,3
376,1,1,2,3,3,3,2
376,1,2,3,2,1,2,1
376,1,3,3,1,2,3,1
376,1,4,1,1,2,1,3
377,1,1,1,2,3,3,3
377,1,2,3,1,2,1,1
377,1,3,1,3,3,2,2
377,1,4,2,2,1,3,3
378,1,1,3,3,2,2,2
378,1,2,1,2,2,1,1
378,1,3,3,1,3,3,3
378,1,4,2,3,1,2,2
379,1,1,3,2,2,2,2
379,1,2,1,3,3,1,3
379,1,3,2,1,1,3,1
379,1,4,2,2,1,1,3
380,1,1,2,3,1,3,2
380,1,2,1,1,3,2,1
380,1,3,2,1,3,3,2
380,1,4,3,2,2,1,3
381,1,1,1,3,1,2,1
381,1,2,2,1,3,1,2
381,1,3,3,2,2,3,3
381,1,4,1,2,1,2,1
382,1,1,1,3,2,3,2
382,1,2,2,3,2,2,3
382,1,3,1,2,3,1,1
382,1,4,3,1,1,3,2
383,1,1,3,3,1,1,1
383,1,2,2,1,3,2,3
383,1,3,1,2,2,3,2
383,1,4,3,3,3,2,3
384,1,1,1,3,1,3,3
384,1,2,2,1,2,1,1
384,1,3,3,2,3,2,2
384,1,4,2,2,1,1,1
385,1,1,3,2,2,3,1
385,1,2,1,1,3,3,1
385,1,3,2,3,3,1,2
385,1,4,1,1,1,2,3
386,1,1,3,1,1,2,2
386,1,2,1,2,3,3,1
386,1,3,3,3,1,1,2
386,1,4,2,1,2,2,3
387,1,1,1,1,3,3,2
387,1,2,3,2,1,2,1
387,1,3,2,3,2,1,3
387,1,4,1,3,2,1,3
388,1,1,2,1,2,3,1
388,1,2,2,2,3,1,2
388,1,3,3,3,2,2,1
388,1,4,1,1,1,3,3
389,1,1,2,2,1,1,2
389,1,2,3,3,3,1,2
389,1,3,2,2,1,2,3
389,1,4,1,1,2,3,1
390,1,1,3,3,3,2,3
390,1,2,2,2,1,3,1
390,1,3,3,3,3,3,3
390,1,4,1,1,2,1,2
391,1,1,1,2,2,2,2
391,1,2,2,1,3,2,1
391,1,3,1,2,1,1,3
391,1,4,3,3,2,3,2
392,1,1,2,3,1,2,3
392,1,2,1,2,2,3,2
392,1,3,3,1,3,1,1
392,1,4,3,1,1,2,1
393,1,1,2,2,3,1,3
393,1,2,1,2,2,2,1
393,1,3,3,1,1,3,2
393,1,4,2,3,3,1,3
394,1,1,2,1,2,2,3
394,1,2,3,2,3,3,2
394,1,3,1,3,1,1,1
394,1,4,2,3,2,3,1
395,1,1,1,3,1,2,2
395,1,2,1,1,1,1,2
395,1,3,3,1,3,1,3
395,1,4,2,2,2,3,1
396,1,1,3,2,3,2,3
396,1,2,3,2,1,3,3
396,1,3,2,1,2,1,2
396,1,4,1,3,3,2,1
397,1,1,3,1,2,2,3
397,1,2,2,3,3,3,2
397,1,3,3,3,2,1,1
397,1,4,1,2,1,1,1
398,1,1,3,2,2,1,1
398,1,2,1,3,1,3,3
398,1,3,1,1,3,3,3
398,1,4,2,1,3,2,2
399,1,1,3,2,3,3,1
399,1,2,1,1,2,1,3
399,1,3,2,3,1,2,2
399,1,4,2,2,1,2,2
400,1,1,3,3,2,2,2
400,1,2,3,1,1,3,3
400,1,3,1,3,3,2,1
400,1,4,2,2,2,1,2
401,1,1,3,2,2,2,2
401,1,2,2,1,1,3,1
401,1,3,2,3,3,3,1
401,1,4,1,3,3,1,3
402,1,1,1,1,1,1,2
402,1,2,1,1,1,1,3
402,1,3,3,3,2,3,2
402,1,4,2,2,3,2,1
403,1,1,3,3,3,1,2
403,1,2,1,1,2,2,1
403,1,3,1,2,3,2,3
403,1,4,2,2,1,3,3
404,1,1,3,1,1,1,1
404,1,2,1,2,3,2,2
404,1,3,3,3,1,3,1
404,1,4,2,3,2,3,3
405,1,1,2,1,2,1,3
405,1,2,1,3,1,3,2
405,1,3,2,2,2,1,3
405,1,4,3,2,3,2,1
406,1,1,3,2,1,1,1
406,1,2,2,1,3,3,2
406,1,3,3,1,1,2,3
406,1,4,1,3,2,2,3
407,1,1,1,1,2,3,2
407,1,2,2,3,3,1,1
407,1,3,3,2,1,2,3
407,1,4,2,1,3,3,1
408,1,1,2,1,1,2,1
408,1,2,3,2,3,3,3
408,1,3,1,3,2,1,1
408,1,4,1,3,2,1,2
409,1,1,1,3,3,3,1
409,1,2,3,1,2,2,3
409,1,3,3,1,3,1,2
409,1,4,2,2,1,1,2
410,1,1,2,3,2,2,2
410,1,2,3,1,3,1,1
410,1,3,1,2,1,3,3
410,1,4,2,3,1,3,3
411,1,1,1,2,3,2,2
411,1,2,3,3,1,3,1
411,1,3,2,1,3,1,3
411,1,4,1,2,2,2,2
412,1,1,3,3,1,1,2
412,1,2,1,2,3,3,3
412,1,3,2,1,2,2,1
412,1,4,3,1,2,3,2
413,1,1,3,1,3,3,2
413,1,2,2,2,2,1,3
413,1,3,1,2,2,1,1
413,1,4,1,3,1,2,1
414,1,1,1,1,3,1,2
414,1,2,2,3,1,2,3
414,1,3,3,2,2,3,1
414,1,4,2,3,3,2,3
415,1,1,3,3,2,3,3
415,1,2,3,1,1,2,2
415,1,3,2,2,1,1,2
415,1,4,1,1,3,2,1
416,1,1,1,3,1,1,3
416,1,2,1,2,1,3,3
416,1,3,3,1,3,2,2
416,1,4,2,3,2,1,1
417,1,1,2,2,2,3,1
417,1,2,2,1,2,3,1
417,1,3,3,3,3,1,3
417,1,4,1,1,1,2,2
418,1,1,2,3,3,3,2
418,1,2,1,1,1,1,1
418,1,3,2,2,3,1,2
418,1,4,3,2,2,2,3
419,1,1,2,2,3,1,2
419,1,2,3,3,1,2,1
419,1,3,1,1,2,3,3
419,1,4,1,3,2,2,1
420,1,1,2,1,3,2,1
420,1,2,3,2,1,3,3
420,1,3,3,2,1,3,2
420,1,4,1,3,2,1,2
421,1,1,1,1,3,3,3
421,1,2,3,2,1,1,1
421,1,3,2,3,2,2,2
421,1,4,3,1,2,1,3
422,1,1,3,1,2,1,2
422,1,2,1,2,3,2,3
422,1,3,2,3,1,3,1
422,1,4,1,3,3,3,1
423,1,1,3,3,2,3,2
423,1,2,1,2,3,1,1
423,1,3,2,1,1,2,3
423,1,4,2,2,1,2,3
424,1,1,1,1,1,3,2
424,1,2,2,1,2,3,3
424,1,3,2,2,2,2,1
424,1,4,3,3,3,1,3
425,1,1,2,1,2,3,3
425,1,2,3,3,3,2,1
425,1,3,1,2,1,1,2
425,1,4,1,3,1,2,2
426,1,1,3,2,3,1,1
426,1,2,2,1,1,3,2
426,1,3,3,1,1,1,1
426,1,4,1,3,2,2,3
427,1,1,1,1,1,2,1
427,1,2,3,3,2,1,3
427,1,3,2,2,3,3,2
427,1,4,1,2,3,3,3
428,1,1,2,3,3,1,1
428,1,2,1,1,1,3,3
428,1,3,3,2,2,2,1
428,1,4,3,2,2,2,2
429,1,1,3,1,3,2,3
429,1,2,2,3,3,1,2
429,1,3,1,2,2,3,1
429,1,4,2,3,1,1,2
430,1,1,1,2,2,1,3
430,1,2,2,1,3,2,2
430,1,3,2,2,1,1,3
430,1,4,3,3,1,3,1
431,1,1,2,2,1,1,3
431,1,2,1,1,3,2,1
431,1,3,3,3,2,3,2
431,1,4,1,3,3,3,2
432,1,1,3,1,2,2,1
432,1,2,1,3,3,1,3
432,1,3,2,1,2,1,1
432,1,4,2,2,1,3,2
433,1,1,3,3,1,2,2
433,1,2,1,3,1,3,1
433,1,3,3,2,3,2,3
433,1,4,2,1,2,1,2
434,1,1,2,3,1,1,1
434,1,2,1,2,2,2,2
434,1,3,3,1,3,3,3
434,1,4,3,2,3,3,1
435,1,1,1,3,2,2,3
435,1,2,3,2,1,1,2
435,1,3,1,1,2,2,3
435,1,4,2,3,3,3,1
436,1,1,1,1,3,1,2
436,1,2,1,1,1,1,1
436,1,3,2,2,3,2,3
436,1,4,3,3,2,3,2
437,1,1,2,2,2,3,1
437,1,2,1,3,3,1,2
437,1,3,2,1,1,2,1
437,1,4,3,2,2,3,3
438,1,1,3,3,1,2,3
438,1,2,2,3,3,3,2
438,1,3,1,2,2,1,1
438,1,4,3,1,1,2,3
439,1,1,3,1,2,3,2
439,1,2,1,2,1,2,2
439,1,3,2,3,2,3,3
439,1,4,3,1,3,1,1
440,1,1,2,1,3,1,3
440,1,2,1,1,1,1,3
440,1,3,3,3,2,3,2
440,1,4,2,2,3,2,1
441,1,1,3,3,3,1,3
441,1,2,2,1,2,2,2
441,1,3,1,2,1,3,1
441,1,4,1,3,1,2,1
442,1,1,3,2,1,1,2
442,1,2,1,1,3,3,1
442,1,3,2,3,2,2,3
442,1,4,1,2,3,2,2
443,1,1,1,3,3,2,2
443,1,2,3,2,2,1,1
443,1,3,2,2,1,3,3
443,1,4,2,1,1,3,3
444,1,1,1,2,3,3,3
444,1,2,1,1,2,1,1
444,1,3,3,1,2,1,1
444,1,4,2,3,1,2,2
445,1,1,2,2,3,2,1
445,1,2,3,3,1,2,1
445,1,3,1,3,2,1,3
445,1,4,3,1,1,3,2
446,1,1,1,3,1,2,1
446,1,2,2,2,2,1,2
446,1,3,3,1,3,3,3
446,1,4,3,2,3,1,3
447,1,1,1,1,2,3,2
447,1,2,1,2,3,2,1
447,1,3,3,3,1,1,3
447,1,4,2,1,2,3,2
448,1,1,2,1,2,2,3
448,1,2,2,3,3,3,1
448,1,3,3,2,2,2,2
448,1,4,1,1,1,1,3
449,1,1,1,1,2,2,3
449,1,2,2,2,1,1,2
449,1,3,3,3,3,3,1
449,1,4,3,2,1,3,1
450,1,1,2,3,2,1,1
450,1,2,3,1,1,2,1
450,1,3,2,3,3,1,2
450,1,4,1,2,2,3,3
451,1,1,3,1,3,2,2
451,1,2,1,2,3,1,2
451,1,3,1,3,1,3,3
451,1,4,2,2,2,1,1
452,1,1,3,3,3,2,3
452,1,2,2,1,3,2,3
452,1,3,1,2,2,1,1
452,1,4,3,3,1,3,2
453,1,1,2,1,1,3,1
453,1,2,1,2,3,2,1
453,1,3,2,1,1,3,2
453,1,4,3,3,2,1,3
454,1,1,1,1,3,1,2
454,1,2,2,2,1,2,3
454,1,3,3,2,2,2,2
454,1,4,3,3,2,3,1
455,1,1,1,3,1,1,2
455,1,2,3,2,2,2,1
455,1,3,2,1,3,3,3
455,1,4,1,3,3,3,3
456,1,1,3,1,1,1,2
456,1,2,2,1,1,1,1
456,1,3,3,2,3,3,2
456,1,4,1,3,2,2,3
457,1,1,3,1,3,1,1
457,1,2,2,3,2,2,2
457,1,3,2,2,1,1,3
457,1,4,1,2,1,3,3
458,1,1,3,2,1,1,3
458,1,2,1,1,2,3,1
458,1,3,1,1,2,3,2
458,1,4,2,3,3,2,2
459,1,1,1,2,1,3,2
459,1,2,2,3,3,2,1
459,1,3,2,3,1,2,1
459,1,4,3,1,2,1,3
460,1,1,3,3,3,1,3
460,1,2,2,2,3,3,3
460,1,3,1,3,2,1,2
460,1,4,3,1,1,2,1
461,1,1,2,2,2,3,1
461,1,2,2,2,2,2,2
461,1,3,3,3,1,1,3
461,1,4,1,1,3,2,2
462,1,1,1,1,3,3,1
462,1,2,3,2,1,2,2
462,1,3,2,3,2,1,3
462,1,4,3,1,3,3,1
463,1,1,1,1,1,2,2
463,1,2,3,2,3,3,2
463,1,3,1,3,1,1,1
463,1,4,2,1,2,2,3
464,1,1,1,3,2,3,3
464,1,2,2,3,2,3,1
464,1,3,3,1,1,2,2
464,1,4,1,2,3,1,3
465,1,1,2,2,3,1,1
465,1,2,1,3,1,3,2
465,1,3,2,1,3,1,1
465,1,4,3,1,2,2,3
466,1,1,1,1,3,1,2
466,1,2,1,2,2,1,2
466,1,3,3,3,2,2,1
466,1,4,2,2,1,3,3
467,1,1,2,3,1,3,1
467,1,2,1,1,2,1,2
467,1,3,2,3,3,2,3
467,1,4,3,2,3,2,3
468,1,1,1,1,2,2,3
468,1,2,2,3,3,1,2
468,1,3,1,2,1,2,1
468,1,4,3,2,1,3,1
469,1,1,3,3,3,3,3
469,1,2,2,1,1,1,3
469,1,3,1,3,3,2,1
469,1,4,3,2,2,3,2
470,1,1,2,1,2,3,1
470,1,2,1,3,3,2,3
470,1,3,3,1,2,1,1
470,1,4,2,2,1,3,2
471,1,1,1,2,2,3,3
471,1,2,3,2,3,1,2
471,1,3,2,1,3,2,1
471,1,4,3,3,1,1,2
472,1,1,2,1,1,2,2
472,1,2,2,2,2,2,2
472,1,3,3,1,3,3,3
472,1,4,1,3,1,1,1
473,1,1,1,2,2,1,1
473,1,2,3,3,2,1,1
473,1,3,1,2,1,3,3
473,1,4,2,1,3,2,2
474,1,1,1,2,3,2,1
474,1,2,2,1,2,1,2
474,1,3,3,3,1,2,3
474,1,4,3,3,1,3,3
475,1,1,3,1,1,2,1
475,1,2,1,3,2,3,2
475,1,3,3,1,3,3,2
475,1,4,2,2,3,1,3
476,1,1,1,3,2,3,1
476,1,2,1,1,1,1,3
476,1,3,2,2,1,1,3
476,1,4,3,1,3,2,2
477,1,1,1,2,1,2,2
477,1,2,2,2,3,3,1
477,1,3,2,3,2,3,1
477,1,4,3,1,3,1,3
478,1,1,3,3,2,2,2
478,1,2,3,2,1,1,1
478,1,3,2,3,2,2,3
478,1,4,1,1,3,3,2
479,1,1,2,2,2,3,3
479,1,2,3,1,3,2,2
479,1,3,2,1,1,3,1
479,1,4,1,3,1,1,1
480,1,1,3,1,1,2,1
480,1,2,2,3,3,3,2
480,1,3,1,2,2,1,3
480,1,4,1,3,3,1,3
481,1,1,3,2,2,2,1
481,1,2,1,1,3,3,3
481,1,3,2,3,1,1,2
481,1,4,3,2,2,1,2
482,1,1,2,2,1,2,3
482,1,2,2,3,2,2,3
482,1,3,1,1,2,3,1
482,1,4,3,3,3,1,2
483,1,1,1,2,3,2,1
483,1,2,2,1,2,1,1
483,1,3,1,2,1,3,2
483,1,4,3,3,3,2,3
484,1,1,2,2,3,1,1
484,1,2,1,3,2,2,2
484,1,3,3,1,1,3,3
484,1,4,2,3,1,3,2
485,1,1,3,1,2,1,3
485,1,2,3,2,2,3,3
485,1,3,2,3,3,2,2
485,1,4,1,1,1,1,1
486,1,1,2,3,2,1,2
486,1,2,1,3,1,3,1
486,1,3,3,2,3,3,1
486,1,4,1,1,1,2,3
487,1,1,2,1,2,3,3
487,1,2,1,2,1,2,2
487,1,3,3,3,3,1,1
487,1,4,3,2,2,3,2
488,1,1,3,3,2,3,2
488,1,2,2,2,1,2,3
488,1,3,1,2,3,1,3
488,1,4,2,1,1,2,1
489,1,1,1,1,3,1,2
489,1,2,2,3,1,3,2
489,1,3,1,1,3,1,1
489,1,4,3,2,2,2,3
490,1,1,3,2,3,3,1
490,1,2,1,3,2,2,1
490,1,3,2,1,3,3,3
490,1,4,3,2,1,1,2
491,1,1,2,1,2,1,1
491,1,2,1,1,2,2,1
491,1,3,3,2,3,3,2
491,1,4,2,3,1,1,3
492,1,1,3,1,2,3,2
492,1,2,2,2,3,1,1
492,1,3,1,3,1,2,3
492,1,4,1,3,3,3,3
493,1,1,1,2,2,1,2
493,1,2,2,1,1,2,2
493,1,3,2,1,3,3,3
493,1,4,3,3,1,2,1
494,1,1,1,2,1,2,1
494,1,2,3,3,1,1,1
494,1,3,2,1,3,3,2
494,1,4,3,3,2,1,3
495,1,1,3,1,1,3,1
495,1,2,1,2,2,2,3
495,1,3,2,2,2,2,3
495,1,4,2,3,3,1,2
496,1,1,1,1,1,3,2
496,1,2,1,3,3,3,1
496,1,3,2,2,2,2,2
496,1,4,3,1,1,1,3
497,1,1,1,1,2,1,3
497,1,2,3,2,3,2,3
497,1,3,3,3,3,2,1
497,1,4,2,2,1,3,2
498,1,1,2,3,2,1,1
498,1,2,1,3,2,3,1
498,1,3,3,1,3,2,2
498,1,4,2,2,1,1,3
499,1,1,2,1,2,2,1
499,1,2,1,3,3,2,2
499,1,3,3,3,1,3,3
499,1,4,1,2,3,1,2
500,1,1,3,2,2,3,1
500,1,2,1,1,2,3,3
500,1,3,1,1,1,1,3
500,1,4,2,3,3,2,2
501,1,1,3,2,1,1,1
501,1,2,2,3,3,3,3
501,1,3,1,1,2,2,2
501,1,4,3,2,1,1,2
502,1,1,1,1,1,3,2
502,1,2,3,3,2,1,3
502,1,3,2,2,3,2,1
502,1,4,1,2,3,3,1
503,1,1,3,1,2,2,1
503,1,2,3,3,2,2,3
503,1,3,1,2,3,3,2
503,1,4,2,1,1,1,1
504,1,1,2,3,1,3,3
504,1,2,1,2,3,2,1
504,1,3,2,3,1,1,3
504,1,4,3,1,2,3,2
505,1,1,3,1,3,2,3
505,1,2,2,2,1,3,1
505,1,3,2,1,3,1,1
505,1,4,1,3,2,1,2
506,1,1,2,1,3,3,1
506,1,2,1,2,1,2,3
506,1,3,1,3,1,2,2
506,1,4,3,2,2,1,3
507,1,1,3,3,2,1,2
507,1,2,2,2,2,1,2
507,1,3,1,1,1,3,3
507,1,4,2,2,3,2,1
508,1,1,3,3,3,3,3
508,1,2,1,1,3,1,3
508,1,3,3,3,1,3,1
508,1,4,2,2,2,2,2
509,1,1,1,3,2,1,1
509,1,2,2,2,3,3,3
509,1,3,1,3,1,2,1
509,1,4,3,1,1,2,2
510,1,1,2,3,1,2,1
510,1,2,1,2,2,3,3
510,1,3,3,1,3,1,2
510,1,4,2,1,2,1,2
511,1,1,1,3,3,1,2
511,1,2,2,2,1,2,3
511,1,3,3,2,1,1,2
511,1,4,3,1,2,3,1
512,1,1,1,1,2,2,3
512,1,2,3,3,3,2,3
512,1,3,2,2,1,1,2
512,1,4,1,1,2,3,1
513,1,1,2,1,2,2,3
513,1,2,1,2,1,1,2
513,1,3,3,2,3,1,1
513,1,4,3,3,3,3,1
514,1,1,1,3,1,3,2
514,1,2,1,2,3,1,3
514,1,3,3,1,1,2,1
514,1,4,2,3,2,3,2
515,1,1,2,3,2,3,1
515,1,2,2,1,3,1,1
515,1,3,1,2,1,1,2
515,1,4,3,1,3,2,3
516,1,1,2,1,1,1,1
516,1,2,3,2,2,3,3
516,1,3,1,3,3,2,2
516,1,4,3,3,2,2,3
517,1,1,2,3,3,1,3
517,1,2,2,1,1,3,3
517,1,3,3,1,1,3,2
517,1,4,1,2,2,2,1
518,1,1,3,2,2,3,1
518,1,2,1,3,2,2,1
518,1,3,3,2,3,3,2
518,1,4,2,1,1,1,3
519,1,1,1,3,3,2,2
519,1,2,2,1,1,3,3
519,1,3,2,2,3,2,2
519,1,4,3,2,2,1,1
520,1,1,3,1,1,2,2
520,1,2,1,3,3,1,3
520,1,3,1,3,1,3,1
520,1,4,2,2,2,3,1
521,1,1,1,1,3,1,3
521,1,2,1,1,2,1,2
521,1,3,2,2,3,3,1
521,1,4,3,3,1,2,3
522,1,1,3,1,3,1,1
522,1,2,2,3,2,2,2
522,1,3,3,3,2,1,2
522,1,4,1,2,1,3,3
523,1,1,3,2,1,2,1
523,1,2,2,3,3,1,3
523,1,3,2,2,2,2,3
523,1,4,1,1,2,3,2
524,1,1,2,2,2,1,3
524,1,2,1,1,3,2,1
524,1,3,3,1,3,3,2
524,1,4,3,3,1,3,2
525,1,1,1,3,1,1,1
525,1,2,2,1,2,1,2
525,1,3,3,2,3,3,3
525,1,4,1,3,1,2,1
526,1,1,1,2,3,2,2
526,1,2,2,1,1,2,2
526,1,3,3,2,3,1,1
526,1,4,1,3,2,3,3
527,1,1,3,1,2,2,3
527,1,2,1,2,3,1,2
527,1,3,2,3,1,3,1
527,1,4,2,1,2,2,1
528,1,1,2,2,2,2,2
528,1,2,1,1,3,3,1
528,1,3,3,3,1,1,3
528,1,4,3,2,1,3,3
529,1,1,1,1,1,2,3
529,1,2,2,3,3,3,2
529,1,3,2,3,3,1,1
529,1,4,3,2,2,1,1
530,1,1,1,1,2,3,3
530,1,2,3,3,2,3,2
530,1,3,2,2,3,1,1
530,1,4,3,3,1,2,2
531,1,1,1,2,1,2,3
531,1,2,3,1,2,1,1
531,1,3,1,1,1,1,3
531,1,4,2,3,3,3,2
532,1,1,3,3,3,2,3
532,1,2,2,1,2,1,1
532,1,3,1,2,1,3,2
532,1,4,3,1,3,2,2
533,1,1,1,3,2,3,1
533,1,2,1,2,2,2,1
533,1,3,2,2,1,2,3
533,1,4,3,1,3,1,2
534,1,1,2,1,1,3,3
534,1,2,2,3,3,3,3
534,1,3,1,1,2,2,1
534,1,4,3,2,1,1,2
535,1,1,1,3,2,1,3
535,1,2,2,1,3,2,2
535,1,3,2,3,1,1,1
535,1,4,3,2,1,3,1
536,1,1,1,2,3,3,3
536,1,2,1,2,2,3,2
536,1,3,2,1,1,1,1
536,1,4,3,3,2,2,2
537,1,1,2,2,2,3,1
537,1,2,3,3,3,2,1
537,1,3,3,3,3,2,3
537,1,4,1,1,1,1,2
538,1,1,1,2,3,1,3
538,1,2,2,2,1,2,2
538,1,3,1,1,3,3,1
538,1,4,3,3,2,1,3
539,1,1,3,1,2,3,3
539,1,2,2,1,2,3,2
539,1,3,1,2,3,1,1
539,1,4,2,3,1,2,2
540,1,1,3,2,1,2,3
540,1,2,3,3,1,2,1
540,1,3,2,1,3,3,3
540,1,4,1,2,2,1,2
541,1,1,1,2,3,2,2
541,1,2,3,1,1,3,1
541,1,3,1,3,1,3,1
541,1,4,2,3,2,1,3
542,1,1,3,3,2,1,2
542,1,2,2,1,3,2,3
542,1,3,3,1,3,1,3
542,1,4,1,2,1,3,1
543,1,1,2,2,2,2,3
543,1,2,1,1,1,1,3
543,1,3,3,2,3,3,1
543,1,4,2,3,2,2,2
544,1,1,2,2,1,1,3
544,1,2,3,1,2,2,1
544,1,3,2,3,1,3,2
544,1,4,1,3,3,3,2
545,1,1,1,3,3,2,1
545,1,2,3,1,2,1,2
545,1,3,2,2,1,3,3
545,1,4,1,3,2,1,1
546,1,1,3,1,3,2,2
546,1,2,1,1,1,2,2
546,1,3,1,3,2,3,3
546,1,4,2,2,1,1,1
547,1,1,3,3,3,1,1
547,1,2,1,3,1,1,3
547,1,3,2,1,2,2,1
547,1,4,3,2,3,3,2
548,1,1,1,3,1,1,1
548,1,2,2,1,3,3,2
548,1,3,3,2,2,2,3
548,1,4,3,2,2,3,2
549,1,1,2,1,3,2,3
549,1,2,2,3,3,2,3
549,1,3,3,2,1,1,2
549,1,4,1,3,2,3,1
550,1,1,2,3,2,1,2
550,1,2,3,1,1,3,3
550,1,3,1,2,3,2,1
550,1,4,1,1,1,2,2
551,1,1,3,2,2,3,3
551,1,2,2,1,2,3,1
551,1,3,1,3,1,2,2
551,1,4,2,1,3,1,1
552,1,1,2,3,1,3,2
552,1,2,1,2,3,1,3
552,1,3,1,1,2,2,1
552,1,4,3,2,3,1,3
553,1,1,3,2,1,2,1
553,1,2,3,1,1,1,1
553,1,3,1,1,2,1,2
553,1,4,2,3,3,3,3
554,1,1,2,2,2,2,3
554,1,2,1,1,1,1,1
554,1,3,3,3,3,3,3
554,1,4,2,2,2,2,2
555,1,1,1,2,3,3,2
555,1,2,1,1,2,2,3
555,1,3,3,3,3,3,2
555,1,4,2,2,1,1,1
556,1,1,1,2,2,3,3
556,1,2,3,3,1,2,1
556,1,3,2,1,3,1,2
556,1,4,3,3,2,1,3
557,1,1,3,1,3,3,1
557,1,2,2,3,3,2,1
557,1,3,1,2,2,1,3
557,1,4,3,1,1,3,2
558,1,1,3,2,3,2,1
558,1,2,2,3,1,2,3
558,1,3,2,3,1,1,2
558,1,4,1,1,2,3,3
559,1,1,2,2,2,3,2
559,1,2,3,1,1,2,3
559,1,3,1,2,3,2,2
559,1,4,1,3,3,1,1
560,1,1,1,2,3,2,3
560,1,2,2,3,2,3,1
560,1,3,3,3,2,1,2
560,1,4,2,1,1,3,1
561,1,1,3,1,1,1,2
561,1,2,3,2,1,1,2
561,1,3,2,2,2,2,1
561,1,4,1,3,3,3,3
562,1,1,1,2,1,3,2
562,1,2,3,3,2,2,1
562,1,3,2,1,3,1,3
562,1,4,1,1,1,2,3
563,1,1,2,1,3,1,2
563,1,2,3,1,3,3,1
563,1,3,1,2,1,2,3
563,1,4,3,3,2,3,1
564,1,1,3,2,3,2,1
564,1,2,2,3,2,1,3
564,1,3,1,1,1,3,3
564,1,4,2,3,2,1,2
565,1,1,1,1,2,2,2
565,1,2,3,3,3,1,3
565,1,3,1,3,3,3,2
565,1,4,2,2,1,3,1
566,1,1,3,2,2,2,2
566,1,2,2,1,1,1,1
566,1,3,1,3,3,3,3
566,1,4,3,2,2,1,1
567,1,1,1,3,1,1,1
567,1,2,2,1,3,2,2
567,1,3,3,2,2,3,3
567,1,4,2,3,1,2,2
568,1,1,1,3,2,1,2
568,1,2,3,1,1,3,3
568,1,3,2,2,3,2,1
568,1,4,1,1,2,2,1
569,1,1,1,3,2,2,1
569,1,2,3,1,1,1,3
569,1,3,2,2,3,1,3
569,1,4,2,2,3,3,2
570,1,1,2,3,2,2,3
570,1,2,1,2,3,1,1
570,1,3,3,1,1,3,2
570,1,4,3,1,2,3,2
571,1,1,3,3,1,2,3
571,1,2,2,2,2,3,1
571,1,3,1,1,3,1,2
571,1,4,2,3,1,3,1
572,1,1,3,1,3,1,3
572,1,2,1,2,1,2,2
572,1,3,3,2,1,1,2
572,1,4,2,3,2,3,1
573,1,1,1,1,3,2,3
573,1,2,3,3,1,1,1
573,1,3,1,1,3,2,1
573,1,4,2,2,2,3,2
574,1,1,1,3,1,3,3
574,1,2,1,2,1,3,1
574,1,3,2,1,2,1,3
574,1,4,3,3,3,2,2
575,1,1,1,3,1,3,1
575,1,2,3,2,2,1,3
575,1,3,3,2,2,2,3
575,1,4,2,1,3,2,2
576,1,1,1,1,2,1,2
576,1,2,2,1,3,1,1
576,1,3,2,2,3,3,3
576,1,4,3,3,1,2,1
577,1,1,1,1,2,3,3
577,1,2,2,2,1,2,2
577,1,3,1,3,3,1,2
577,1,4,3,3,3,1,1
578,1,1,1,3,3,1,1
578,1,2,3,1,2,3,2
578,1,3,2,2,1,2,3
578,1,4,2,1,1,2,3
579,1,1,1,2,2,1,2
579,1,2,1,1,2,2,1
579,1,3,2,3,1,1,3
579,1,4,3,2,3,3,2
580,1,1,2,3,2,2,2
580,1,2,1,2,1,1,3
580,1,3,3,1,3,3,1
580,1,4,3,3,3,3,3
581,1,1,1,3,3,1,3
581,1,2,2,1,2,3,1
581,1,3,3,2,2,2,1
581,1,4,2,1,1,3,2
582,1,1,3,3,1,2,2
582,1,2,2,1,2,1,3
582,1,3,3,2,1,2,2
582,1,4,1,3,3,3,1
583,1,1,3,3,2,2,3
583,1,2,2,2,3,1,1
583,1,3,3,2,1,1,1
583,1,4,1,1,1,3,2
584,1,1,3,3,1,1,1
584,1,2,2,1,2,3,3
584,1,3,1,2,3,2,2
584,1,4,1,2,2,3,3
585,1,1,2,1,3,2,2
585,1,2,1,3,1,3,3
585,1,3,3,2,2,1,1
585,1,4,2,1,3,2,1
586,1,1,3,2,3,3,3
586,1,2,1,1,1,2,1
586,1,3,1,1,2,1,2
586,1,4,2,3,2,1,2
587,1,1,3,1,1,2,3
587,1,2,2,2,1,3,2
587,1,3,2,3,3,3,2
587,1,4,1,2,2,1,1
588,1,1,2,3,3,2,3
588,1,2,3,3,3,2,3
588,1,3,2,2,1,3,1
588,1,4,1,1,2,1,2
589,1,1,1,2,3,2,2
589,1,2,2,3,1,1,3
589,1,3,3,1,2,3,1
589,1,4,3,3,2,3,2
590,1,1,3,1,3,2,1
590,1,2,3,1,3,1,3
590,1,3,2,3,2,3,2
590,1,4,1,2,1,2,1
591,1,1,1,2,1,1,3
591,1,2,3,1,3,3,2
591,1,3,2,2,1,1,3
591,1,4,2,3,2,2,1
592,1,1,1,3,1,3,2
592,1,2,2,2,3,3,1
592,1,3,3,1,1,1,2
592,1,4,1,3,2,2,3
593,1,1,1,1,3,1,1
593,1,2,2,3,1,3,2
593,1,3,1,1,2,2,3
593,1,4,3,2,2,2,3
594,1,1,1,3,2,3,3
594,1,2,2,2,3,1,1
594,1,3,3,2,3,1,2
594,1,4,2,1,1,2,1
595,1,1,3,1,1,3,3
595,1,2,1,3,3,2,2
595,1,3,2,2,2,1,1
595,1,4,3,3,2,2,1
596,1,1,2,3,2,2,1
596,1,2,1,1,3,3,3
596,1,3,3,1,1,1,2
596,1,4,1,2,3,3,3
597,1,1,3,2,1,1,2
597,1,2,2,3,3,2,3
597,1,3,1,1,2,3,1
597,1,4,3,2,2,1,2
598,1,1,2,1,3,1,3
598,1,2,1,3,1,1,2
598,1,3,3,3,1,3,1
598,1,4,1,2,2,2,2
599,1,1,3,1,1,2,1
599,1,2,3,2,3,3,1
599,1,3,2,1,1,2,3
599,1,4,1,3,2,1,2
600,1,1,2,2,3,3,2
600,1,2,3,1,2,2,2
600,1,3,2,2,3,3,3
600,1,4,1,3,1,1,1
601,1,1,2,1,2,1,3
601,1,2,2,1,3,3,2
601,1,3,3,3,2,1,3
601,1,4,1,2,1,2,1
602,1,1,3,3,3,2,3
602,1,2,1,2,1,3,1
602,1,3,3,3,3,3,1
602,1,4,2,1,2,1,2
603,1,1,2,3,3,1,2
603,1,2,1,2,1,2,3
603,1,3,2,2,1,2,3
603,1,4,3,1,2,3,1
604,1,1,2,3,1,2,2
604,1,2,3,2,2,3,3
604,1,3,1,2,3,2,2
604,1,4,1,1,3,1,1
605,1,1,3,3,2,1,1
605,1,2,1,1,1,3,3
605,1,3,2,2,3,2,2
605,1,4,3,3,1,1,3
606,1,1,3,2,3,1,3
606,1,2,1,1,2,3,1
606,1,3,1,1,2,2,1
606,1,4,2,3,1,2,2
607,1,1,1,3,3,3,2
607,1,2,3,1,1,2,1
607,1,3,3,2,2,3,2
607,1,4,2,2,2,1,3
608,1,1,2,3,1,3,1
608,1,2,2,1,3,1,1
608,1,3,1,3,1,3,3
608,1,4,3,2,2,2,2
609,1,1,1,3,3,1,3
609,1,2,1,1,3,1,3
609,1,3,3,3,1,2,2
609,1,4,2,2,2,3,1
610,1,1,3,2,3,2,1
610,1,2,1,1,1,3,2
610,1,3,2,3,2,1,3
610,1,4,2,1,1,1,1
611,1,1,1,1,2,2,3
611,1,2,3,2,3,3,2
611,1,3,3,1,2,3,3
611,1,4,2,3,1,1,1
612,1,1,3,3,2,1,1
612,1,2,1,2,3,2,2
612,1,3,2,1,1,3,3
612,1,4,1,2,1,1,2
613,1,1,3,1,1,1,2
613,1,2,1,3,3,2,1
613,1,3,3,1,3,2,3
613,1,4,2,2,2,3,3
614,1,1,2,2,3,2,1
614,1,2,1,3,3,3,1
614,1,3,3,1,1,1,3
614,1,4,1,3,2,3,2
615,1,1,1,2,1,1,1
615,1,2,3,3,3,3,3
615,1,3,2,1,2,2,2
615,1,4,2,2,2,2,3
616,1,1,3,2,1,3,1
616,1,2,1,2,2,1,2
616,1,3,2,1,3,1,2
616,1,4,1,3,2,2,3
617,1,1,1,2,2,1,3
617,1,2,3,3,3,2,1
617,1,3,2,1,1,3,2
617,1,4,3,3,1,2,2
618,1,1,1,1,3,3,1
618,1,2,1,3,2,1,2
618,1,3,3,2,1,2,3
618,1,4,2,1,3,3,1
619,1,1,2,3,2,2,1
619,1,2,1,2,1,3,3
619,1,3,3,1,3,1,2
619,1,4,2,3,3,1,3
620,1,1,3,1,2,3,2
620,1,2,3,1,2,2,1
620,1,3,2,2,1,2,1
620,1,4,1,3,3,1,3
621,1,1,3,3,2,1,1
621,1,2,2,3,1,3,2
621,1,3,2,2,1,3,2
621,1,4,1,1,3,2,3
622,1,1,3,2,3,1,1
622,1,2,1,1,1,2,2
622,1,3,2,2,2,1,1
622,1,4,2,3,2,3,3
623,1,1,1,1,1,2,2
623,1,2,2,3,2,1,1
623,1,3,3,2,3,3,3
623,1,4,3,1,1,3,3
624,1,1,3,3,2,3,1
624,1,2,1,2,3,2,2
624,1,3,1,2,2,2,2
624,1,4,2,1,1,1,3
625,1,1,1,1,3,3,1
625,1,2,2,1,2,3,3
625,1,3,3,3,3,2,2
625,1,4,1,2,1,1,1
626,1,1,2,2,3,1,2
626,1,2,2,3,3,2,3
626,1,3,1,1,2,3,1
626,1,4,3,3,1,2,3
627,1,1,1,3,2,3,3
627,1,2,2,1,3,2,1
627,1,3,3,2,1,1,3
627,1,4,3,2,1,1,2
628,1,1,2,2,2,2,1
628,1,2,3,1,2,1,2
628,1,3,1,1,1,1,3
628,1,4,3,3,3,3,2
629,1,1,2,2,3,2,2
629,1,2,1,3,1,3,1
629,1,3,2,3,1,3,2
629,1,4,3,1,2,1,3
630,1,1,1,2,3,1,1
630,1,2,3,1,2,2,2
630,1,3,1,1,3,2,1
630,1,4,2,3,1,3,3
631,1,1,3,2,3,3,3
631,1,2,1,3,2,1,2
631,1,3,1,2,2,2,3
631,1,4,2,1,1,2,1
632,1,1,3,3,1,1,1
632,1,2,1,1,2,2,3
632,1,3,2,3,3,1,2
632,1,4,3,2,1,3,1
633,1,1,1,2,3,3,2
633,1,2,2,2,2,3,2
633,1,3,3,3,3,2,3
633,1,4,1,1,1,1,1
634,1,1,2,2,1,2,3
634,1,2,1,3,1,2,2
634,1,3,3,2,2,3,1
634,1,4,2,1,3,1,3
635,1,1,1,2,1,2,3
635,1,2,2,1,3,1,2
635,1,3,2,3,2,1,1
635,1,4,3,1,3,3,2
636,1,1,1,3,3,3,1
636,1,2,1,1,1,3,2
636,1,3,2,2,3,1,3
636,1,4,3,3,2,2,1
637,1,1,2,1,1,2,1
637,1,2,3,2,2,1,2
637,1,3,1,3,3,3,3
637,1,4,3,1,2,2,3
638,1,1,1,1,3,2,3
638,1,2,2,2,2,3,1
638,1,3,2,2,2,3,2
638,1,4,3,3,1,1,2
639,1,1,1,1,2,3,2
639,1,2,3,3,1,1,1
639,1,3,2,2,3,2,3
639,1,4,3,2,1,1,1
640,1,1,3,1,3,3,1
640,1,2,1,3,2,2,2
640,1,3,2,2,1,1,3
640,1,4,2,3,1,3,3
641,1,1,1,1,2,1,1
641,1,2,1,3,3,1,1
641,1,3,3,3,3,2,2
641,1,4,2,2,1,3,3
642,1,1,1,2,3,1,1
642,1,2,2,1,2,2,2
642,1,3,2,3,1,3,3
642,1,4,3,1,2,2,2
643,1,1,3,1,3,1,3
643,1,2,3,2,2,3,3
643,1,3,2,3,3,2,1
643,1,4,1,1,1,1,2
644,1,1,3,2,1,2,1
644,1,2,2,1,3,1,3
644,1,3,1,2,2,2,1
644,1,4,1,3,2,3,2
645,1,1,1,2,2,1,3
645,1,2,3,3,1,3,2
645,1,3,3,2,3,3,2
645,1,4,2,1,3,2,1
646,1,1,3,2,3,1,2
646,1,2,1,3,1,2,3
646,1,3,2,1,2,3,1
646,1,4,2,3,1,1,2
647,1,1,3,1,1,3,3
647,1,2,2,2,3,1,2
647,1,3,3,3,2,2,3
647,1,4,1,1,1,3,1
648,1,1,2,1,1,1,2
648,1,2,1,3,2,2,1
648,1,3,1,3,2,1,3
648,1,4,3,2,3,3,3
649,1,1,3,3,3,2,1
649,1,2,1,2,1,2,1
649,1,3,3,1,2,1,3
649,1,4,2,3,3,3,2
650,1,1,3,3,3,1,3
650,1,2,2,1,2,3,1
650,1,3,2,2,2,2,2
650,1,4,1,2,1,2,2
651,1,1,3,2,3,1,2
651,1,2,2,3,2,2,3
651,1,3,1,1,1,3,1
651,1,4,1,1,3,3,1
652,1,1,3,2,1,3,1
652,1,2,1,2,2,3,3
652,1,3,3,1,1,2,2
652,1,4,2,3,3,1,1
653,1,1,3,2,3,3,1
653,1,2,2,1,2,1,2
653,1,3,2,1,1,2,3
653,1,4,1,3,2,1,2
654,1,1,1,3,3,2,3
654,1,2,1,3,1,2,3
654,1,3,2,2,2,1,1
654,1,4,3,1,3,3,2
655,1,1,2,3,1,3,2
655,1,2,3,1,2,2,3
655,1,3,3,3,1,1,1
655,1,4,1,2,3,1,1
656,1,1,1,2,1,3,3
656,1,2,2,1,1,2,1
656,1,3,1,2,2,3,2
656,1,4,3,3,3,1,3
657,1,1,3,3,2,3,1
657,1,2,2,1,3,2,2
657,1,3,1,2,1,1,3
657,1,4,2,2,2,2,2
658,1,1,2,3,2,3,3
658,1,2,1,1,3,1,2
658,1,3,3,2,1,2,1
658,1,4,3,1,2,1,3
659,1,1,1,3,3,3,2
659,1,2,2,1,1,2,1
659,1,3,2,3,3,3,1
659,1,4,3,2,2,1,3
660,1,1,3,1,1,2,2
660,1,2,1,1,1,1,2
660,1,3,3,3,2,3,1
660,1,4,2,2,3,2,3
661,1,1,3,2,2,2,1
661,1,2,1,3,3,2,2
661,1,3,1,1,3,3,3
661,1,4,2,3,1,1,2
662,1,1,2,2,1,3,3
662,1,2,1,2,1,1,1
662,1,3,1,1,2,1,1
662,1,4,3,3,3,2,2
663,1,1,1,2,3,2,1
663,1,2,2,1,3,3,3
663,1,3,3,3,1,1,2
663,1,4,2,1,2,3,3
664,1,1,3,1,3,2,3
664,1,2,1,2,2,3,2
664,1,3,2,3,1,1,1
664,1,4,1,3,2,2,3
665,1,1,3,2,1,3,2
665,1,2,2,2,2,1,2
665,1,3,1,3,3,2,3
665,1,4,2,1,2,1,1
666,1,1,1,3,3,1,3
666,1,2,3,1,3,3,1
666,1,3,2,2,2,2,2
666,1,4,3,1,1,3,1
667,1,1,1,1,1,1,3
667,1,2,3,2,1,2,3
667,1,3,1,1,2,3,2
667,1,4,2,3,3,1,1
668,1,1,2,3,1,2,1
668,1,2,2,2,1,3,2
668,1,3,1,1,3,1,3
668,1,4,3,3,2,2,1
669,1,1,3,2,2,3,3
669,1,2,2,2,3,1,1
669,1,3,1,1,1,2,3
669,1,4,3,3,2,3,2
670,1,1,3,1,3,2,2
670,1,2,1,3,1,3,1
670,1,3,2,2,2,1,3
670,1,4,1,2,3,3,2
671,1,1,3,1,2,1,1
671,1,2,3,1,1,1,2
671,1,3,1,2,3,3,3
671,1,4,2,3,2,2,1
672,1,1,3,1,3,3,3
672,1,2,2,3,1,3,3
672,1,3,1,2,2,1,1
672,1,4,2,3,1,2,2
673,1,1,3,3,1,1,3
673,1,2,2,2,3,3,1
673,1,3,1,1,2,2,2
673,1,4,3,2,3,2,2
674,1,1,2,1,2,1,2
674,1,2,1,3,2,1,2
674,1,3,2,1,1,2,1
674,1,4,3,2,3,3,3
675,1,1,2,3,2,3,3
675,1,2,1,2,1,2,1
675,1,3,3,1,3,1,2
675,1,4,1,3,3,2,1
676,1,1,1,2,1,1,3
676,1,2,2,1,3,1,1
676,1,3,3,2,2,2,3
676,1,4,1,3,1,3,2
677,1,1,3,3,2,3,1
677,1,2,3,1,1,3,1
677,1,3,1,2,3,1,3
677,1,4,2,1,1,2,2
678,1,1,3,2,1,1,2
678,1,2,2,3,2,2,3
678,1,3,2,3,3,2,2
678,1,4,1,1,3,3,1
679,1,1,1,1,2,3,2
679,1,2,2,2,3,2,1
679,1,3,3,1,2,2,3
679,1,4,3,3,1,1,3
680,1,1,1,3,1,3,2
680,1,2,1,3,2,1,1
680,1,3,3,1,3,2,3
680,1,4,2,2,1,3,2
681,1,1,1,1,1,2,3
681,1,2,3,2,2,2,1
681,1,3,2,2,2,1,1
681,1,4,3,3,3,3,2
682,1,1,2,1,1,1,3
682,1,2,2,3,3,1,2
682,1,3,1,2,2,3,2
682,1,4,3,3,3,2,1
683,1,1,1,2,1,1,1
683,1,2,2,2,1,3,3
683,1,3,2,1,2,3,3
683,1,4,3,3,3,2,2
684,1,1,3,2,1,2,2
684,1,2,2,3,3,3,3
684,1,3,1,1,2,1,1
684,1,4,1,1,3,3,1
685,1,1,2,1,3,3,1
685,1,2,2,1,2,1,2
685,1,3,3,3,2,1,3
685,1,4,1,2,1,2,2
686,1,1,1,2,2,2,3
686,1,2,1,3,2,2,3
686,1,3,2,1,3,3,2
686,1,4,3,3,1,1,1
687,1,1,3,2,1,1,1
687,1,2,3,2,1,3,1
687,1,3,1,3,2,3,2
687,1,4,2,1,3,2,3
688,1,1,1,2,3,1,2
688,1,2,2,3,1,3,3
688,1,3,2,2,3,1,3
688,1,4,3,1,2,2,1
689,1,1,3,1,1,1,2
689,1,2,1,1,1,2,1
689,1,3,2,2,3,3,3
689,1,4,1,3,2,2,1
690,1,1,1,1,1,3,3
690,1,2,3,3,2,1,3
690,1,3,3,3,2,1,2
690,1,4,2,2,3,2,1
691,1,1,3,1,1,3,3
691,1,2,2,2,2,2,2
691,1,3,1,3,3,1,1
691,1,4,2,3,1,2,2
692,1,1,3,2,2,3,1
692,1,2,1,1,3,1,2
692,1,3,3,1,2,3,2
692,1,4,2,3,1,2,3
693,1,1,3,3,1,3,3
693,1,2,1,2,3,1,1
693,1,3,1,2,3,1,3
693,1,4,2,1,2,2,2
694,1,1,3,2,3,2,2
694,1,2,2,1,1,1,1
694,1,3,1,1,1,1,3
694,1,4,2,3,2,3,1
695,1,1,3,3,3,3,1
695,1,2,1,3,3,3,2
695,1,3,2,1,1,1,3
695,1,4,3,2,2,2,1
696,1,1,2,1,1,3,1
696,1,2,1,2,1,2,2
696,1,3,1,2,2,2,2
696,1,4,3,3,3,1,3
697,1,1,1,3,1,3,2
697,1,2,1,1,2,2,3
697,1,3,3,1,3,2,1
697,1,4,2,2,2,1,3
698,1,1,3,3,3,1,2
698,1,2,2,3,2,1,2
698,1,3,2,2,2,3,1
698,1,4,1,1,1,2,3
699,1,1,3,2,1,3,1
699,1,2,2,1,2,1,2
699,1,3,3,2,3,3,3
699,1,4,1,3,1,2,1
700,1,1,2,3,3,2,1
700,1,2,1,2,1,1,2
700,1,3,3,1,2,3,3
700,1,4,1,1,3,3,1
701,1,1,1,3,1,3,1
701,1,2,3,3,2,2,3
701,1,3,3,1,2,1,2
701,1,4,2,2,3,2,3
702,1,1,3,1,1,2,1
702,1,2,2,2,3,3,2
702,1,3,2,2,3,1,2
702,1,4,1,3,2,3,3
703,1,1,1,2,2,1,1
703,1,2,1,1,3,2,2
703,1,3,3,2,2,3,3
703,1,4,2,3,1,1,1
704,1,1,2,1,3,1,3
704,1,2,3,3,1,1,3
704,1,3,1,2,2,3,1
704,1,4,3,3,1,2,2
705,1,1,2,1,3,2,2
705,1,2,3,2,1,1,3
705,1,3,1,3,2,3,1
705,1,4,3,1,3,3,2
706,1,1,2,2,1,2,3
706,1,2,1,3,3,1,1
706,1,3,3,1,2,3,2
706,1,4,2,3,2,2,3
707,1,1,2,2,1,3,2
707,1,2,3,3,2,3,3
707,1,3,2,1,3,1,1
707,1,4,1,2,1,2,2
708,1,1,1,1,3,1,3
708,1,2,2,3,2,1,2
708,1,3,3,2,1,3,3
708,1,4,1,1,3,2,1
709,1,1,2,1,2,3,3
709,1,2,3,2,3,2,1
709,1,3,2,3,1,2,1
709,1,4,1,3,1,1,2
710,1,1,2,3,1,3,2
710,1,2,3,1,2,1,1
710,1,3,3,2,3,1,2
710,1,4,1,2,3,2,3
711,1,1,3,2,1,1,2
711,1,2,1,1,2,2,2
711,1,3,1,1,2,2,1
711,1,4,2,3,3,3,3
712,1,1,3,1,1,1,1
712,1,2,2,2,2,1,1
712,1,3,1,1,1,3,2
712,1,4,3,3,3,2,3
713,1,1,3,1,1,1,2
713,1,2,1,2,2,3,3
713,1,3,1,3,3,3,1
713,1,4,2,2,2,2,3
714,1,1,2,3,1,2,1
714,1,2,2,3,3,2,1
714,1,3,3,1,2,3,2
714,1,4,1,2,1,1,3
715,1,1,3,2,2,2,1
715,1,2,2,1,1,3,2
715,1,3,1,3,3,1,3
715,1,4,3,3,3,2,2
716,1,1,1,1,2,1,3
716,1,2,2,1,2,1,1
716,1,3,3,3,1,2,2
716,1,4,2,2,3,3,1
717,1,1,1,1,3,3,3
717,1,2,3,1,1,2,3
717,1,3,1,2,3,3,2
717,1,4,2,3,2,1,1
718,1,1,2,1,1,3,1
718,1,2,3,2,3,1,1
718,1,3,3,3,3,1,3
718,1,4,1,2,2,2,2
719,1,1,2,2,1,2,3
719,1,2,3,1,3,1,1
719,1,3,1,3,1,2,3
719,1,4,1,3,2,3,2
720,1,1,1,3,1,1,1
720,1,2,2,2,2,1,2
720,1,3,3,1,3,2,3
720,1,4,2,2,2,3,2
721,1,1,3,2,1,3,1
721,1,2,2,1,3,2,2
721,1,3,3,3,3,3,2
721,1,4,1,3,2,1,3
722,1,1,1,1,1,3,1
722,1,2,3,3,3,1,2
722,1,3,2,1,1,3,3
722,1,4,2,2,2,2,3
723,1,1,1,2,2,2,1
723,1,2,2,3,1,1,3
723,1,3,3,1,3,3,2
723,1,4,3,2,2,2,1
724,1,1,2,3,3,3,1
724,1,2,1,2,3,3,3
724,1,3,3,1,2,2,3
724,1,4,1,2,1,1,2
725,1,1,2,1,2,1,2
725,1,2,2,1,1,1,1
725,1,3,3,2,3,3,3
725,1,4,1,3,2,2,2
726,1,1,2,2,3,1,3
726,1,2,3,3,1,2,1
726,1,3,3,1,2,3,2
726,1,4,1,3,1,2,1
727,1,1,1,1,2,1,3
727,1,2,1,1,3,2,2
727,1,3,2,3,2,3,3
727,1,4,3,2,1,1,1
728,1,1,2,3,3,2,2
728,1,2,3,1,2,1,3
728,1,3,1,3,3,3,1
728,1,4,2,2,1,2,2
729,1,1,1,2,1,3,2
729,1,2,3,3,2,1,2
729,1,3,1,2,1,3,1
729,1,4,2,1,3,2,3
730,1,1,3,2,2,2,1
730,1,2,2,3,2,3,1
730,1,3,3,1,1,2,3
730,1,4,1,2,3,1,2
731,1,1,2,1,3,3,1
731,1,2,1,1,3,1,1
731,1,3,1,3,1,1,3
731,1,4,3,2,2,2,2
732,1,1,3,2,3,1,2
732,1,2,2,3,1,3,3
732,1,3,3,3,1,3,3
732,1,4,1,1,2,2,1
733,1,1,2,1,1,2,2
733,1,2,2,2,1,1,1
733,1,3,1,3,2,1,3
733,1,4,3,2,3,3,1
734,1,1,2,1,2,3,3
734,1,2,3,2,1,1,1
734,1,3,1,3,3,2,2
734,1,4,2,3,2,3,2
735,1,1,3,3,2,3,1
735,1,2,1,2,3,2,3
735,1,3,2,2,1,1,2
735,1,4,1,1,3,2,3
736,1,1,1,1,1,3,2
736,1,2,2,1,3,1,1
736,1,3,3,2,2,1,3
736,1,4,2,3,3,2,1
737,1,1,3,3,1,2,3
737,1,2,3,1,1,2,2
737,1,3,1,1,2,3,2
737,1,4,2,2,3,1,1
738,1,1,1,2,1,3,3
738,1,2,1,3,2,3,3
738,1,3,3,1,1,2,1
738,1,4,2,2,3,1,2
739,1,1,2,3,2,2,1
739,1,2,2,2,1,2,3
739,1,3,1,3,2,1,2
739,1,4,3,1,3,3,1
740,1,1,3,3,3,1,3
740,1,2,3,3,3,3,2
740,1,3,1,1,2,3,1
740,1,4,2,2,1,2,2
741,1,1,2,1,2,1,3
741,1,2,2,2,3,2,1
741,1,3,1,1,2,1,3
741,1,4,3,3,1,3,2
742,1,1,1,2,2,2,1
742,1,2,1,3,1,1,1
742,1,3,3,2,2,3,3
742,1,4,2,1,3,2,2
743,1,1,3,2,2,2,1
743,1,2,1,1,1,1,2
743,1,3,2,3,3,3,3
743,1,4,3,1,1,1,3
744,1,1,2,3,2,1,1
744,1,2,1,2,3,3,2
744,1,3,3,1,1,2,3
744,1,4,1,3,3,2,2
745,1,1,1,2,3,2,3
745,1,2,2,2,2,3,2
745,1,3,2,1,1,3,1
745,1,4,3,3,2,1,2
746,1,1,1,3,1,1,3
746,1,2,1,1,3,1,1
746,1,3,3,1,3,3,1
746,1,4,2,2,2,2,2
747,1,1,2,3,1,3,3
747,1,2,3,2,1,3,3
747,1,3,1,2,3,1,2
747,1,4,3,1,2,2,1
748,1,1,1,3,1,2,1
748,1,2,3,3,3,2,3
748,1,3,1,2,2,3,1
748,1,4,2,1,1,1,2
749,1,1,1,2,1,2,1
749,1,2,3,3,2,1,2
749,1,3,2,1,3,3,3
749,1,4,2,3,3,1,3
750,1,1,3,1,2,3,2
750,1,2,1,3,3,2,1
750,1,3,3,1,2,2,2
750,1,4,2,2,1,1,3
751,1,1,2,1,2,2,3
751,1,2,1,2,2,3,3
751,1,3,3,2,3,1,1
751,1,4,1,3,1,3,2
752,1,1,3,1,3,1,2
752,1,2,2,3,1,3,1
752,1,3,1,2,2,2,3
752,1,4,3,1,1,3,1
753,1,1,3,2,1,3,3
753,1,2,2,3,2,1,2
753,1,3,1,1,2,1,1
753,1,4,2,3,3,2,2
754,1,1,3,3,1,1,1
754,1,2,2,2,2,3,2
754,1,3,1,1,3,2,3
754,1,4,3,2,3,1,3
755,1,1,1,1,1,2,2
755,1,2,2,3,3,3,1
755,1,3,1,1,3,3,2
755,1,4,3,2,2,1,3
756,1,1,1,1,2,1,3
756,1,2,3,2,3,3,2
756,1,3,2,3,1,2,1
756,1,4,3,3,2,2,1
757,1,1,2,2,1,1,2
757,1,2,3,1,2,2,1
757,1,3,1,3,3,3,3
757,1,4,2,1,1,2,3
758,1,1,1,2,1,3,1
758,1,2,3,1,2,2,3
758,1,3,2,3,3,1,2
758,1,4,1,3,1,1,2
759,1,1,2,1,3,3,1
759,1,2,2,2,3,3,1
759,1,3,1,1,2,1,3
759,1,4,3,3,1,2,2
760,1,1,3,3,3,2,3
760,1,2,1,2,3,2,2
760,1,3,1,1,1,3,2
760,1,4,2,2,2,1,1
761,1,1,3,2,1,1,1
761,1,2,3,3,2,3,1
761,1,3,1,1,3,2,2
761,1,4,2,3,2,3,3
762,1,1,3,1,3,3,1
762,1,2,2,2,1,1,3
762,1,3,2,2,1,2,3
762,1,4,1,3,2,2,2
763,1,1,2,1,2,1,1
763,1,2,2,3,3,2,3
763,1,3,3,2,2,3,2
763,1,4,1,1,1,1,1
764,1,1,1,3,1,3,3
764,1,2,1,2,1,3,2
764,1,3,3,3,3,1,3
764,1,4,2,1,2,2,1
765,1,1,1,3,2,3,1
765,1,2,3,2,3,1,2
765,1,3,1,2,3,1,1
765,1,4,2,1,1,2,3
766,1,1,2,1,3,3,3
766,1,2,3,1,1,1,2
766,1,3,1,2,2,1,1
766,1,4,3,3,1,2,2
767,1,1,1,1,1,1,1
767,1,2,2,2,2,2,2
767,1,3,2,3,2,3,2
767,1,4,3,3,3,3,3
768,1,1,1,2,3,2,3
768,1,2,2,1,1,3,2
768,1,3,3,2,3,2,3
768,1,4,1,3,2,1,1
769,1,1,3,2,1,3,1
769,1,2,1,2,2,3,3
769,1,3,3,3,1,2,1
769,1,4,2,1,3,1,2
770,1,1,2,3,2,1,3
770,1,2,2,1,3,2,1
770,1,3,1,2,1,3,3
770,1,4,3,3,2,1,2
771,1,1,2,2,2,3,1
771,1,2,3,1,3,3,2
771,1,3,3,1,3,2,2
771,1,4,1,3,1,1,3
772,1,1,3,1,2,1,3
772,1,2,1,3,3,2,1
772,1,3,1,2,2,2,2
772,1,4,2,2,1,3,2
773,1,1,2,3,3,1,1
773,1,2,3,1,1,2,3
773,1,3,1,2,2,3,2
773,1,4,2,1,1,1,3
774,1,1,2,3,1,1,2
774,1,2,3,2,3,2,1
774,1,3,1,1,2,3,3
774,1,4,3,3,2,2,1
775,1,1,2,1,2,3,1
775,1,2,1,1,3,1,1
775,1,3,3,2,3,1,3
775,1,4,1,3,1,2,2
776,1,1,2,2,3,2,3
776,1,2,1,1,2,1,1
776,1,3,2,2,1,2,2
776,1,4,3,3,1,3,2
777,1,1,2,1,2,2,2
777,1,2,1,3,3,3,3
777,1,3,1,2,1,1,1
777,1,4,3,3,3,3,3
778,1,1,3,2,2,1,2
778,1,2,2,3,3,1,2
778,1,3,3,1,1,3,1
778,1,4,1,2,2,2,3
779,1,1,3,3,1,2,1
779,1,2,2,1,3,3,3
779,1,3,1,2,2,1,2
779,1,4,2,3,3,3,1
780,1,1,1,3,2,3,2
780,1,2,1,1,1,2,3
780,1,3,2,2,3,1,1
780,1,4,3,1,1,2,3
781,1,1,3,3,2,1,3
781,1,2,1,1,3,2,2
781,1,3,2,2,1,3,1
781,1,4,3,2,2,2,1
782,1,1,3,1,1,3,2
782,1,2,1,2,2,2,1
782,1,3,3,1,3,1,2
782,1,4,2,3,1,3,3
783,1,1,3,2,1,2,2
783,1,2,1,3,3,1,3
783,1,3,2,3,2,1,3
783,1,4,1,1,3,3,1
784,1,1,3,2,3,3,3
784,1,2,2,3,2,2,2
784,1,3,1,1,1,1,1
784,1,4,2,1,2,2,3
785,1,1,3,3,1,1,1
785,1,2,1,1,2,2,3
785,1,3,2,2,1,1,3
785,1,4,2,2,3,3,2
786,1,1,1,1,3,1,2
786,1,2,2,2,1,2,3
786,1,3,1,3,3,2,1
786,1,4,3,3,2,3,1
787,1,1,2,2,3,1,1
787,1,2,1,3,1,2,3
787,1,3,3,1,2,3,2
787,1,4,3,2,3,3,2
788,1,1,1,2,3,2,3
788,1,2,2,1,2,3,1
788,1,3,3,3,1,1,2
788,1,4,2,1,1,1,2
789,1,1,2,1,3,2,2
789,1,2,3,3,2,2,1
789,1,3,1,2,1,1,3
789,1,4,3,3,2,3,1
790,1,1,3,1,2,1,3
790,1,2,1,1,1,3,1
790,1,3,1,3,1,3,2
790,1,4,2,2,3,2,1
791,1,1,2,2,2,3,3
791,1,2,1,1,1,2,1
791,1,3,3,3,3,1,2
791,1,4,3,2,2,1,3
792,1,1,1,3,3,3,2
792,1,2,2,3,2,2,2
792,1,3,3,2,1,1,1
792,1,4,1,1,3,3,3
793,1,1,1,3,2,2,2
793,1,2,2,1,3,1,1
793,1,3,3,2,1,3,3
793,1,4,2,3,2,1,3
794,1,1,1,3,2,1,3
794,1,2,2,1,1,3,2
794,1,3,2,2,1,2,2
794,1,4,3,2,3,2,1
795,1,1,1,2,2,1,2
795,1,2,2,3,1,2,3
795,1,3,3,1,3,3,3
795,1,4,3,1,3,3,1
796,1,1,2,2,3,1,3
796,1,2,2,2,2,3,1
796,1,3,3,1,2,2,2
796,1,4,1,3,1,3,1
797,1,1,3,1,1,1,1
797,1,2,1,3,3,2,2
797,1,3,3,3,3,2,1
797,1,4,2,2,2,3,3
798,1,1,2,3,2,2,1
798,1,2,1,1,1,1,2
798,1,3,2,1,1,1,2
798,1,4,3,2,3,3,3
799,1,1,3,1,2,2,3
799,1,2,1,3,3,1,3
799,1,3,2,3,1,1,1
799,1,4,1,2,3,3,2
800,1,1,3,1,2,3,2
800,1,2,1,2,1,2,1
800,1,3,2,3,3,1,3
800,1,4,3,2,1,2,2
801,1,1,1,1,2,3,1
801,1,2,1,2,2,3,1
801,1,3,3,2,3,1,2
801,1,4,2,3,1,2,3
802,1,1,3,3,1,3,3
802,1,2,1,1,3,2,3
802,1,3,1,2,2,1,2
802,1,4,2,1,3,2,1
803,1,1,3,1,1,1,1
803,1,2,2,3,2,3,2
803,1,3,2,1,2,1,2
803,1,4,1,2,3,2,3
804,1,1,2,1,2,2,3
804,1,2,1,3,1,3,1
804,1,3,3,3,1,3,1
804,1,4,1,2,3,1,2
805,1,1,3,3,2,1,3
805,1,2,3,2,2,2,1
805,1,3,1,3,3,1,2
805,1,4,2,1,1,3,3
806,1,1,1,3,2,1,3
806,1,2,2,1,3,3,1
806,1,3,2,2,1,3,2
806,1,4,3,2,1,2,2
807,1,1,3,1,3,1,1
807,1,2,3,3,3,2,1
807,1,3,1,2,1,3,3
807,1,4,2,3,2,2,2
808,1,1,3,1,1,1,3
808,1,2,3,3,3,3,2
808,1,3,2,2,2,1,1
808,1,4,1,1,1,2,3
809,1,1,2,1,3,2,2
809,1,2,2,2,3,2,1
809,1,3,3,3,1,1,3
809,1,4,1,1,2,3,2
810,1,1,1,2,2,3,1
810,1,2,2,3,1,2,2
810,1,3,3,1,3,1,3
810,1,4,3,2,2,3,3
811,1,1,2,1,1,3,3
811,1,2,1,3,3,1,1
811,1,3,3,2,2,2,2
811,1,4,1,1,1,2,1
812,1,1,1,3,3,3,2
812,1,2,2,3,3,3,1
812,1,3,2,2,2,1,1
812,1,4,3,1,1,2,3
813,1,1,1,2,1,1,2
813,1,2,3,3,2,2,3
813,1,3,2,1,3,3,1
813,1,4,1,1,2,1,2
814,1,1,1,2,3,3,3
814,1,2,2,2,1,1,1
814,1,3,1,3,3,2,3
814,1,4,3,1,2,3,2
815,1,1,3,2,1,2,1
815,1,2,2,3,2,1,2
815,1,3,3,2,3,1,2
815,1,4,1,1,3,3,3
816,1,1,2,3,2,2,1
816,1,2,3,2,1,3,2
816,1,3,1,3,1,2,1
816,1,4,1,1,3,1,3
817,1,1,2,1,2,1,1
817,1,2,2,2,2,3,3
817,1,3,1,1,3,2,2
817,1,4,3,3,1,1,1
818,1,1,1,1,3,1,1
818,1,2,3,3,2,3,3
818,1,3,2,3,1,3,2
818,1,4,3,2,2,2,3
819,1,1,2,2,1,2,2
819,1,2,3,1,3,1,3
819,1,3,2,2,3,2,2
819,1,4,1,3,2,3,1
820,1,1,1,2,1,3,3
820,1,2,1,1,2,2,2
820,1,3,2,2,1,1,3
820,1,4,3,3,3,3,1
821,1,1,1,2,3,3,3
821,1,2,2,3,1,1,2
821,1,3,3,1,2,2,1
821,1,4,3,1,1,1,2
822,1,1,1,1,1,3,2
822,1,2,2,3,2,2,3
822,1,3,1,3,2,2,1
822,1,4,3,2,3,1,1
823,1,1,3,2,2,1,1
823,1,2,1,1,1,2,3
823,1,3,2,3,3,3,2
823,1,4,2,1,2,3,3
824,1,1,1,1,2,3,3
824,1,2,3,3,3,2,2
824,1,3,2,2,1,1,1
824,1,4,2,2,3,2,1
825,1,1,1,2,2,3,1
825,1,2,2,1,3,2,3
825,1,3,1,3,1,1,2
825,1,4,3,3,1,1,2
826,1,1,3,2,3,3,2
826,1,2,1,2,2,2,2
826,1,3,3,1,1,3,1
826,1,4,2,3,3,1,3
827,1,1,2,1,2,1,1
827,1,2,1,2,3,3,2
827,1,3,3,3,1,2,3
827,1,4,3,1,2,1,3
828,1,1,2,3,1,3,1
828,1,2,1,3,1,2,1
828,1,3,2,1,2,3,2
828,1,4,3,2,3,1,3
829,1,1,1,3,2,1,3
829,1,2,1,2,1,2,3
829,1,3,3,1,3,2,2
829,1,4,2,2,1,3,1
830,1,1,2,1,3,1,1
830,1,2,2,1,2,2,2
830,1,3,1,2,1,3,3
830,1,4,3,3,2,2,2
831,1,1,2,2,2,2,3
831,1,2,3,3,3,3,1
831,1,3,1,3,3,1,1
831,1,4,3,1,1,3,2
832,1,1,2,3,3,3,3
832,1,2,1,1,1,1,1
832,1,3,3,1,1,2,1
832,1,4,1,2,2,1,2
833,1,1,3,2,2,1,3
833,1,2,2,3,3,2,2
833,1,3,1,1,1,3,1
833,1,4,2,2,3,1,2
834,1,1,3,3,2,2,3
834,1,2,1,2,3,2,1
834,1,3,3,3,2,3,3
834,1,4,2,1,1,1,2
835,1,1,2,3,1,1,3
835,1,2,3,2,1,3,1
835,1,3,1,3,2,1,2
835,1,4,2,1,3,2,3
836,1,1,3,1,2,3,2
836,1,2,1,1,2,2,1
836,1,3,2,3,1,1,3
836,1,4,3,2,3,3,2
837,1,1,3,2,3,2,1
837,1,2,1,2,3,2,1
837,1,3,3,3,1,1,2
837,1,4,2,1,2,3,3
838,1,1,1,3,3,3,2
838,1,2,1,1,3,1,3
838,1,3,3,2,1,2,2
838,1,4,2,3,2,3,1
839,1,1,3,3,3,3,2
839,1,2,1,1,1,2,3
839,1,3,2,2,2,1,1
839,1,4,2,2,1,2,3
840,1,1,3,3,3,2,2
840,1,2,3,1,2,1,1
840,1,3,2,2,1,3,3
840,1,4,1,1,2,1,1
841,1,1,3,2,2,3,3
841,1,2,2,1,3,1,2
841,1,3,1,3,1,2,1
841,1,4,1,2,2,1,2
842,1,1,3,2,2,1,2
842,1,2,2,3,3,3,1
842,1,3,2,1,3,2,1
842,1,4,1,3,1,3,3
843,1,1,1,1,1,2,2
843,1,2,2,3,2,3,1
843,1,3,3,1,1,2,3
843,1,4,3,2,3,1,3
844,1,1,1,3,2,2,2
844,1,2,1,3,3,1,3
844,1,3,2,1,1,3,2
844,1,4,3,2,2,2,1
845,1,1,1,2,3,3,3
845,1,2,2,1,3,3,3
845,1,3,1,2,1,1,1
845,1,4,3,3,2,2,2
846,1,1,2,2,2,2,2
846,1,2,3,1,1,1,1
846,1,3,1,3,3,3,3
846,1,4,2,3,1,1,1
847,1,1,3,1,2,3,1
847,1,2,2,2,1,2,3
847,1,3,1,3,3,1,2
847,1,4,3,1,3,1,3
848,1,1,3,3,2,1,3
848,1,2,2,1,2,3,2
848,1,3,1,2,1,3,2
848,1,4,2,1,3,2,1
849,1,1,1,2,1,2,1
849,1,2,3,3,2,3,3
849,1,3,2,1,3,1,2
849,1,4,1,2,2,2,1
850,1,1,2,2,1,3,2
850,1,2,2,2,3,2,3
850,1,3,1,1,2,1,2
850,1,4,3,3,1,3,1
851,1,1,3,1,1,2,3
851,1,2,1,3,1,1,3
851,1,3,2,2,2,3,2
851,1,4,3,1,3,2,1
852,1,1,3,1,1,3,2
852,1,2,1,3,3,1,1
852,1,3,2,2,2,2,3
852,1,4,3,2,3,1,1
853,1,1,1,3,3,2,2
853,1,2,1,3,2,3,1
853,1,3,2,1,2,1,3
853,1,4,3,2,1,3,1
854,1,1,1,1,3,3,3
854,1,2,2,3,1,2,2
854,1,3,2,3,1,1,3
854,1,4,3,2,2,1,1
855,1,1,3,2,1,1,3
855,1,2,2,3,2,3,1
855,1,3,1,1,3,2,2
855,1,4,1,1,2,2,2
856,1,1,3,3,3,2,3
856,1,2,1,1,1,3,1
856,1,3,2,2,2,1,2
856,1,4,3,2,3,3,2
857,1,1,2,3,3,2,1
857,1,2,2,1,3,1,1
857,1,3,1,1,1,1,3
857,1,4,3,2,2,3,2
858,1,1,3,1,3,3,1
858,1,2,3,3,1,2,2
858,1,3,2,2,1,1,2
858,1,4,1,3,2,2,3
859,1,1,1,1,2,3,3
859,1,2,2,3,1,2,1
859,1,3,3,1,2,1,2
859,1,4,1,2,3,3,3
860,1,1,2,3,1,2,3
860,1,2,1,2,3,1,1
860,1,3,3,1,2,3,2
860,1,4,2,2,3,2,3
861,1,1,1,3,2,1,1
861,1,2,2,2,3,3,2
861,1,3,1,3,1,1,1
861,1,4,3,1,2,2,3
862,1,1,1,1,1,2,2
862,1,2,2,2,2,3,1
862,1,3,2,1,1,3,1
862,1,4,3,3,3,1,3
863,1,1,3,3,3,2,1
863,1,2,1,2,1,1,2
863,1,3,2,1,2,3,3
863,1,4,3,2,1,1,3
864,1,1,1,3,2,2,2
864,1,2,3,2,2,2,1
864,1,3,2,1,1,1,3
864,1,4,1,3,3,3,2
865,1,1,1,2,1,3,3
865,1,2,2,3,3,1,2
865,1,3,3,3,3,3,3
865,1,4,3,1,2,2,1
866,1,1,1,2,1,2,2
866,1,2,3,3,2,3,3
866,1,3,1,2,3,2,1
866,1,4,2,1,3,1,1
867,1,1,1,2,2,2,3
867,1,2,2,1,1,1,2
867,1,3,3,3,3,3,1
867,1,4,3,1,1,1,2
868,1,1,2,1,3,2,2
868,1,2,3,2,3,2,3
868,1,3,2,3,2,1,2
868,1,4,1,1,1,3,1
869,1,1,1,2,2,1,3
869,1,2,2,3,1,3,1
869,1,3,3,1,3,2,2
869,1,4,2,2,2,1,1
870,1,1,1,3,1,3,3
870,1,2,2,1,2,2,1
870,1,3,1,3,1,3,2
870,1,4,3,2,3,1,2
871,1,1,2,2,3,3,2
871,1,2,3,3,1,2,1
871,1,3,1,1,2,1,3
871,1,4,2,3,2,2,3
872,1,1,1,2,3,1,1
872,1,2,2,3,2,2,2
872,1,3,3,2,1,1,1
872,1,4,3,1,1,3,3
873,1,1,1,1,3,2,3
873,1,2,2,2,1,2,1
873,1,3,3,3,2,1,2
873,1,4,1,1,3,3,3
874,1,1,2,2,2,3,3
874,1,2,2,3,3,1,3
874,1,3,1,1,2,3,1
874,1,4,3,2,1,2,2
875,1,1,1,1,3,1,1
875,1,2,3,3,1,3,2
875,1,3,1,3,3,3,2
875,1,4,2,2,2,2,3
876,1,1,1,3,2,2,2
876,1,2,3,1,1,1,3
876,1,3,3,1,1,1,1
876,1,4,2,2,3,3,3
877,1,1,2,3,1,3,1
877,1,2,3,2,3,3,3
877,1,3,1,3,2,1,1
877,1,4,2,1,1,2,2
878,1,1,3,1,3,2,1
878,1,2,2,3,1,3,3
878,1,3,1,2,2,1,2
878,1,4,1,2,2,2,1
879,1,1,3,1,3,1,2
879,1,2,1,2,1,2,3
879,1,3,2,1,3,1,2
879,1,4,2,3,2,3,1
880,1,1,3,1,2,3,1
880,1,2,3,3,2,1,3
880,1,3,2,2,3,2,1
880,1,4,1,1,1,3,2
881,1,1,2,1,2,3,1
881,1,2,3,3,1,2,3
881,1,3,3,3,3,2,2
881,1,4,1,2,3,1,2
882,1,1,3,3,3,3,1
882,1,2,2,1,2,2,2
882,1,3,2,2,1,1,3
882,1,4,1,2,1,1,3
883,1,1,3,2,1,3,2
883,1,2,2,3,2,1,1
883,1,3,1,3,1,2,1
883,1,4,1,1,3,2,3
884,1,1,2,3,1,2,1
884,1,2,1,2,2,3,2
884,1,3,3,1,3,1,3
884,1,4,1,1,2,3,3
885,1,1,3,2,3,1,1
885,1,2,1,3,2,2,3
885,1,3,2,1,1,3,2
885,1,4,3,2,2,1,2
886,1,1,3,1,2,2,2
886,1,2,1,2,1,3,1
886,1,3,1,3,3,3,2
886,1,4,2,3,3,1,3
887,1,1,2,1,3,2,3
887,1,2,1,3,2,3,2
887,1,3,2,2,3,2,1
887,1,4,3,2,1,1,1
888,1,1,1,1,1,1,3
888,1,2,1,2,2,3,1
888,1,3,2,3,3,1,2
888,1,4,3,1,1,2,3
889,1,1,3,3,2,1,3
889,1,2,1,1,1,2,1
889,1,3,3,2,3,3,3
889,1,4,2,2,3,3,2
890,1,1,1,2,3,3,3
890,1,2,2,1,2,1,1
890,1,3,3,3,1,2,2
890,1,4,2,3,1,1,2
891,1,1,3,1,2,3,1
891,1,2,1,3,3,1,3
891,1,3,3,1,2,2,1
891,1,4,2,2,1,3,2
892,1,1,1,1,3,2,2
892,1,2,3,3,1,3,2
892,1,3,1,1,3,1,1
892,1,4,2,2,2,2,3
893,1,1,2,3,1,1,1
893,1,2,3,2,2,2,3
893,1,3,1,1,3,3,2
893,1,4,3,2,1,2,1
894,1,1,2,1,2,1,3
894,1,2,2,3,2,1,3
894,1,3,3,2,3,3,1
894,1,4,1,1,1,2,2
895,1,1,2,1,1,3,3
895,1,2,1,3,3,2,1
895,1,3,3,2,2,1,2
895,1,4,3,3,2,3,3
896,1,1,1,2,1,1,2
896,1,2,2,2,3,2,2
896,1,3,3,1,2,3,3
896,1,4,1,3,1,1,1
897,1,1,3,3,3,2,1
897,1,2,1,2,2,1,2
897,1,3,2,3,3,2,1
897,1,4,3,1,1,3,3
898,1,1,2,1,3,3,1
898,1,2,1,2,1,2,3
898,1,3,3,3,2,1,2
898,1,4,2,1,2,2,2
899,1,1,2,2,3,1,3
899,1,2,2,2,1,3,1
899,1,3,1,3,2,3,1
899,1,4,3,1,1,2,2
900,1,1,2,1,1,3,2
900,1,2,3,2,2,2,1
900,1,3,1,3,3,2,3
900,1,4,1,3,3,1,3
